ID,sgRNA,Name,S1_BS,S1_P5,S1_Q2,S2_BS,S2_P5,S2_Q2,S3_BS,S3_P5,S3_Q2
BRDN0000737505,AAAAAGTCCGCGATTACGTC,SGR000121503.1_XPR003.1,461,546,100,181,73,0,1926,378,197
BRDN0000737693,AAAACGGCTCGATCGGTGAT,SGR000121691.1_XPR003.1,715,865,104,372,230,0,2659,911,251
BRDN0000737637,AAAACGTAATTATACCGAGC,SGR000121635.1_XPR003.1,312,106,70,89,89,0,881,321,67
BRDN0000738185,AAAATTGCACCTTCCCGGCC,SGR000122183.1_XPR003.1,537,556,129,187,203,41,1764,1417,154
BRDN0000737801,AAACCCCCGCGCGGAGCGTC,SGR000121799.1_XPR003.1,585,773,136,605,184,34,2452,378,149
BRDN0000737467,AAACCTAGCGTAGATTCGGC,SGR000121465.1_XPR003.1,398,713,62,509,239,0,1802,248,233
BRDN0000737848,AAACGAGGCTGTTCGTACAC,SGR000121846.1_XPR003.1,564,856,209,404,332,41,2569,2039,280
BRDN0000737609,AAACTCATACGTAGCGAATC,SGR000121607.1_XPR003.1,672,632,227,388,205,0,2410,343,113
BRDN0000737434,AAACTCCCGTGTCAACCGAT,SGR000121432.1_XPR003.1,882,1129,189,571,337,16,3055,1176,607
BRDN0000738254,AAAGACGTGCATTCAGCGAG,SGR000122252.1_XPR003.1,373,417,155,169,182,0,2275,644,197
BRDN0000737777,AACATGTTAAGTCGCGTTAT,SGR000121775.1_XPR003.1,582,652,232,305,188,0,2259,1150,176
BRDN0000737611,AACCAGCATTTGACCGCGCT,SGR000121609.1_XPR003.1,721,1061,131,220,197,0,2035,666,238
BRDN0000737528,AACCCCGGCTGTCATCGCCG,SGR000121526.1_XPR003.1,660,453,267,307,171,17,2352,992,216
BRDN0000738228,AACCCGCCGGAACAATCAGC,SGR000122226.1_XPR003.1,1054,1050,258,681,352,29,4424,2504,318
BRDN0000737727,AACCGGCTGCGCGTTTGCAA,SGR000121725.1_XPR003.1,1161,801,279,620,175,4,3823,1847,377
BRDN0000737483,AACCGTACTGCGAGGAGCAT,SGR000121481.1_XPR003.1,891,984,140,412,71,58,3142,1760,268
BRDN0000737872,AACCTCGTCTCATGTACGAA,SGR000121870.1_XPR003.1,21,0,0,0,0,0,0,132,0
BRDN0000737516,AACGCCCCGGATTTCGTTGA,SGR000121514.1_XPR003.1,484,522,148,373,135,38,1997,943,186
BRDN0000737844,AACGGCTGCGCCCGCGGCAA,SGR000121842.1_XPR003.1,546,254,47,396,201,0,1718,1190,161
BRDN0000737412,AACGGGCGCAATACCCTTTT,SGR000121410.1_XPR003.1,477,741,23,219,145,0,2310,465,109
BRDN0000737631,AACGGTAGCGTACCCGTGAA,SGR000121629.1_XPR003.1,587,393,147,403,123,0,1821,1201,121
BRDN0000737750,AACGGTCAAATCCGTGAGGG,SGR000121748.1_XPR003.1,652,847,177,414,93,0,1505,844,150
BRDN0000737875,AACGTCACCAACCTCGATCC,SGR000121873.1_XPR003.1,772,792,191,516,323,1,2952,1054,169
BRDN0000738229,AACGTTATAGCTTCGTCTCT,SGR000122227.1_XPR003.1,4,0,5,0,1,0,71,166,32
BRDN0000737806,AACTAACTCACTACGCACGA,SGR000121804.1_XPR003.1,653,823,340,434,147,0,2485,1416,298
BRDN0000738366,AACTCCTCATCGTACGCTAA,SGR000122364.1_XPR003.1,1347,1714,177,576,431,58,4575,1210,394
BRDN0000737593,AACTCGCGTGGGAAGTCCGG,SGR000121591.1_XPR003.1,881,875,122,369,241,21,3068,726,262
BRDN0000738128,AACTTATACGTAATCTGATC,SGR000122126.1_XPR003.1,408,707,77,449,102,23,1704,1036,446
BRDN0000738307,AAGACTCCTACGTATCGAGC,SGR000122305.1_XPR003.1,472,653,248,160,209,0,1809,220,204
BRDN0000737391,AAGCACAAGAACGGTCCGCC,SGR000121389.1_XPR003.1,649,750,160,410,190,8,2054,1072,73
BRDN0000737912,AAGCAGCGACTACTCGACGC,SGR000121910.1_XPR003.1,364,670,80,231,100,0,1798,1149,156
BRDN0000738101,AAGCCTAACGGAGCTCGCGG,SGR000122099.1_XPR003.1,505,543,243,338,149,7,2661,1003,173
BRDN0000738296,AAGCCTACTTCACCGGTCGG,SGR000122294.1_XPR003.1,710,617,135,276,186,0,2552,778,34
BRDN0000738095,AAGCGAGCCGCAGACCGTTT,SGR000122093.1_XPR003.1,664,668,221,574,202,0,2566,1023,226
BRDN0000737714,AAGCGTACCCCACTCGTTAA,SGR000121712.1_XPR003.1,663,356,175,445,16,0,1681,522,151
BRDN0000738016,AAGCGTGAGATTCACCGCCG,SGR000122014.1_XPR003.1,553,553,106,546,150,0,1960,985,399
BRDN0000737416,AAGGCCTTAACACGTCGACC,SGR000121414.1_XPR003.1,616,712,99,433,194,0,1972,1510,311
BRDN0000737993,AAGGCGTAAACGAGTACACG,SGR000121991.1_XPR003.1,252,400,132,162,62,0,1115,429,50
BRDN0000738351,AAGGGTAAGTACAGTATCGT,SGR000122349.1_XPR003.1,1043,718,377,1009,352,21,3087,1483,293
BRDN0000738301,AAGTCCCCTTCGGGAACTCC,SGR000122299.1_XPR003.1,641,662,170,522,139,2,2296,1379,143
BRDN0000737395,AAGTCTATGCGGGGCTCGTA,SGR000121393.1_XPR003.1,762,1129,343,514,180,2,3177,1474,276
BRDN0000737589,AATAAGCCTACCCGGCGAGA,SGR000121587.1_XPR003.1,418,349,50,266,76,0,1475,861,110
BRDN0000738249,AATACCGTACCGACTCAGTG,SGR000122247.1_XPR003.1,668,781,107,253,230,0,2499,670,286
BRDN0000737888,AATAGGAACTCCGCACCCGA,SGR000121886.1_XPR003.1,503,626,159,400,87,0,2340,1021,81
BRDN0000738271,AATCAACCGTGATAGTCTCG,SGR000122269.1_XPR003.1,925,1115,254,336,213,0,2581,1411,487
BRDN0000737634,AATCACCGACAACGTAAGAC,SGR000121632.1_XPR003.1,494,497,258,345,214,30,1988,1303,421
BRDN0000737454,AATGAAGCACCGATTGCGGA,SGR000121452.1_XPR003.1,601,488,238,301,120,0,2056,1416,394
BRDN0000737646,AATGAGCGTCTCTCGATCGC,SGR000121644.1_XPR003.1,45,0,0,1,0,0,38,2,0
BRDN0000737994,AATGAGCTTCGAGTTCGTCT,SGR000121992.1_XPR003.1,860,836,198,425,225,0,4133,2150,367
BRDN0000738027,AATGCTGCGTACGATAACCG,SGR000122025.1_XPR003.1,844,805,121,1135,375,2,2595,1427,135
BRDN0000738315,AATTCTGAGATTCCGCGGCT,SGR000122313.1_XPR003.1,1201,1212,301,466,224,0,5192,2221,398
BRDN0000737773,AATTGTCTGATCGCGCCATA,SGR000121771.1_XPR003.1,938,928,181,682,127,0,3995,1776,405
BRDN0000737873,AATTTTTTCGGAATCTAGCG,SGR000121871.1_XPR003.1,497,367,116,373,67,16,1478,495,175
BRDN0000738210,ACAACAATTACTGGCCGCGA,SGR000122208.1_XPR003.1,741,856,213,329,14,48,2204,788,241
BRDN0000737517,ACAACACGCCGACACGTCTA,SGR000121515.1_XPR003.1,1076,1121,463,785,302,0,4779,2294,405
BRDN0000737828,ACAATTCGGTTTATGCGCGT,SGR000121826.1_XPR003.1,613,968,142,368,150,0,2104,1235,289
BRDN0000738158,ACACAAACTGGTCGTAGATG,SGR000122156.1_XPR003.1,658,1228,158,581,296,2,3499,2018,145
BRDN0000737857,ACACCCGTGTATGCACCGGG,SGR000121855.1_XPR003.1,952,795,155,968,266,43,3432,1717,344
BRDN0000737608,ACACGACCGACCGGTGGAAT,SGR000121606.1_XPR003.1,734,617,46,330,129,0,3229,863,543
BRDN0000737566,ACACGTCTTCGGCTATACGC,SGR000121564.1_XPR003.1,543,439,93,385,105,0,1593,520,236
BRDN0000737823,ACAGACCGAATAACCGACGA,SGR000121821.1_XPR003.1,483,644,194,213,112,2,1250,951,430
BRDN0000738188,ACAGAGTCGTGTGCCGAACG,SGR000122186.1_XPR003.1,216,76,9,17,11,0,372,120,49
BRDN0000737471,ACAGCAGGGGCCGCGAATAA,SGR000121469.1_XPR003.1,487,586,156,160,37,0,1956,246,147
BRDN0000737464,ACAGCGGCCTAATACTTCGC,SGR000121462.1_XPR003.1,448,341,154,225,51,0,2335,960,111
BRDN0000737400,ACCAACGCTACGATCCCGGA,SGR000121398.1_XPR003.1,578,692,76,349,258,0,2788,1157,277
BRDN0000738102,ACCAATAACGGGTACAAGTC,SGR000122100.1_XPR003.1,725,635,43,319,28,0,1766,1085,206
BRDN0000738242,ACCACCGTGCCGGGGACGCG,SGR000122240.1_XPR003.1,591,894,67,479,172,0,2416,1197,247
BRDN0000737537,ACCAGGACTGCCGCGTGAGG,SGR000121535.1_XPR003.1,699,1003,417,575,243,45,3295,1054,136
BRDN0000737842,ACCAGGCGCGGACCGCACAT,SGR000121840.1_XPR003.1,1379,797,181,732,191,25,4503,1930,488
BRDN0000737640,ACCATACGGGGTCTTGTCGA,SGR000121638.1_XPR003.1,535,325,108,483,112,0,1406,463,78
BRDN0000738161,ACCATAGTTTCAACCTGCGG,SGR000122159.1_XPR003.1,428,524,108,246,73,0,1222,808,87
BRDN0000738072,ACCATCCGATATTACGAGCA,SGR000122070.1_XPR003.1,376,186,33,63,48,0,1526,610,184
BRDN0000737717,ACCATGATGTCACCGCCGCA,SGR000121715.1_XPR003.1,458,908,138,409,213,0,2424,970,82
BRDN0000738377,ACCCACGTATGTACTCGGGA,SGR000122375.1_XPR003.1,1000,892,188,495,207,4,4358,1287,548
BRDN0000738349,ACCCAGATTCGCATTCGGAT,SGR000122347.1_XPR003.1,707,532,244,399,177,0,2160,1534,325
BRDN0000737629,ACCCATCCCCGCGTCCGAGA,SGR000121627.1_XPR003.1,853,1210,271,411,212,0,3374,2031,167
BRDN0000737387,ACCCATCGGGTGCGATATGG,SGR000121385.1_XPR003.1,769,874,155,625,188,0,2845,1254,439
BRDN0000737767,ACCCGCATATGCCGCCTAAG,SGR000121765.1_XPR003.1,515,684,132,570,114,0,2378,1068,274
BRDN0000737574,ACCCTAGCCTCATCGCGACC,SGR000121572.1_XPR003.1,704,1047,102,250,207,0,2640,758,449
BRDN0000738174,ACCGCACGTTCTCGCAGAGA,SGR000122172.1_XPR003.1,778,626,94,544,97,0,2574,1246,345
BRDN0000738035,ACCGCGCATCATTGACGGTG,SGR000122033.1_XPR003.1,844,992,187,412,180,0,2738,1068,270
BRDN0000737552,ACCGGACTGCGATATGCCGT,SGR000121550.1_XPR003.1,686,405,104,179,72,0,2794,827,61
BRDN0000737561,ACCGGATGTGGGCGCCTCTC,SGR000121559.1_XPR003.1,788,623,161,968,191,0,3021,1373,198
BRDN0000737545,ACCGGTCGAAGTCTGGGATT,SGR000121543.1_XPR003.1,868,677,179,404,267,0,2764,1232,345
BRDN0000737786,ACCGGTTCAGCCGCCGGAAC,SGR000121784.1_XPR003.1,363,387,173,228,113,0,1679,754,63
BRDN0000738288,ACCGTACAAGACTCGCTCCA,SGR000122286.1_XPR003.1,769,552,157,547,446,0,2719,1382,323
BRDN0000737804,ACCGTCTCTATTATACGGCA,SGR000121802.1_XPR003.1,0,0,0,0,0,0,1,0,0
BRDN0000738362,ACCGTCTGATGTTCCCGGCT,SGR000122360.1_XPR003.1,1003,728,167,667,34,4,3496,1735,257
BRDN0000737869,ACCGTTGTTTCCGTCGAAAC,SGR000121867.1_XPR003.1,763,720,199,1010,247,20,1624,1872,260
BRDN0000737881,ACCTCGTGCAAATCGGTGGC,SGR000121879.1_XPR003.1,676,535,165,520,120,0,2502,1247,433
BRDN0000738216,ACCTTGTGTTCGACGGTAGG,SGR000122214.1_XPR003.1,556,1183,212,402,144,64,2007,872,186
BRDN0000738135,ACGACGAGAGATACTTAGGC,SGR000122133.1_XPR003.1,464,644,152,359,136,0,1217,619,118
BRDN0000737964,ACGACGTCCGCTGTGTGTAT,SGR000121962.1_XPR003.1,1018,1279,378,371,415,24,2772,732,201
BRDN0000738118,ACGAGGAGAAGTCGAGTATT,SGR000122116.1_XPR003.1,619,826,151,162,144,0,2303,1141,379
BRDN0000738086,ACGCAAGCGGAACGCGTCTA,SGR000122084.1_XPR003.1,730,940,200,617,199,0,2973,1101,357
BRDN0000738048,ACGCACCCATACAGGCGCTT,SGR000122046.1_XPR003.1,706,637,163,336,121,5,1717,621,64
BRDN0000737488,ACGCGAAGTGTCGCAGAGTG,SGR000121486.1_XPR003.1,709,892,140,511,54,0,2752,830,238
BRDN0000737521,ACGCTATAGTGTACGTCTAA,SGR000121519.1_XPR003.1,647,767,238,633,91,0,1990,976,564
BRDN0000738184,ACGCTCTTGGCAGATAATCG,SGR000122182.1_XPR003.1,730,917,276,515,193,0,2827,1177,326
BRDN0000737748,ACGCTGTTCGTAACCGCGGG,SGR000121746.1_XPR003.1,487,458,84,240,41,0,2046,597,215
BRDN0000737641,ACGGAACCCGATCGGAACGG,SGR000121639.1_XPR003.1,354,266,86,277,85,7,1484,515,144
BRDN0000737818,ACGGATTGCTGACGCTATCA,SGR000121816.1_XPR003.1,1132,1190,284,944,211,0,3670,1841,529
BRDN0000738217,ACGGGTCAACTTCTTGCCGC,SGR000122215.1_XPR003.1,594,503,240,684,208,0,2808,574,370
BRDN0000737441,ACGGTCCCAACGAGCGCCGG,SGR000121439.1_XPR003.1,485,549,67,531,148,0,1851,494,192
BRDN0000737473,ACGGTCCCTCTCGGGTCAAT,SGR000121471.1_XPR003.1,1086,1509,218,861,217,85,4203,1160,483
BRDN0000737845,ACGGTCGAGCACGGTTATGA,SGR000121843.1_XPR003.1,594,656,161,552,209,0,2745,1295,46
BRDN0000737878,ACGTCGATGCTTATCCGTCT,SGR000121876.1_XPR003.1,731,637,275,787,236,1,2810,1750,287
BRDN0000737612,ACGTCGGTCTAGAGTTAAGT,SGR000121610.1_XPR003.1,960,1186,195,431,150,0,3257,1587,620
BRDN0000737383,ACGTGTAAGGCGAACGCCTT,SGR000121381.1_XPR003.1,855,916,181,890,283,21,2770,555,246
BRDN0000737995,ACGTGTTCTCGTACTTAGCT,SGR000121993.1_XPR003.1,976,1751,356,618,275,0,3456,1589,394
BRDN0000738032,ACGTTGCAGCTCGCGTTTCG,SGR000122030.1_XPR003.1,864,506,118,305,144,45,2779,1066,232
BRDN0000738335,ACTAAGGAGTCCCGGTCCGA,SGR000122333.1_XPR003.1,661,842,130,223,58,1,2177,396,253
BRDN0000737743,ACTAGCTCCATAACGTGTAC,SGR000121741.1_XPR003.1,690,474,141,293,210,0,1892,716,179
BRDN0000737856,ACTCACCTCGCACGATCGTA,SGR000121854.1_XPR003.1,770,652,227,405,268,10,2141,616,357
BRDN0000737548,ACTCGACCTAACGTCGATGT,SGR000121546.1_XPR003.1,734,790,146,666,437,30,2292,741,136
BRDN0000737825,ACTCGCGAAACCGTACATGA,SGR000121823.1_XPR003.1,403,666,8,150,141,0,1460,1005,92
BRDN0000737651,ACTGCGCGTATAGGACGCAA,SGR000121649.1_XPR003.1,662,510,72,650,123,0,2138,1730,290
BRDN0000737753,ACTGTCCCATTGTACGACGG,SGR000121751.1_XPR003.1,802,595,138,711,191,75,2755,1358,189
BRDN0000737901,ACTTCCCGCGGTTCCGTTGA,SGR000121899.1_XPR003.1,1061,1566,221,711,265,55,4214,1480,223
BRDN0000737757,ACTTGTATACGACGGCTAGA,SGR000121755.1_XPR003.1,498,812,242,292,299,0,3061,817,91
BRDN0000737705,ACTTTACATCATGTCGTCGT,SGR000121703.1_XPR003.1,1178,1271,364,646,163,42,3535,1851,483
BRDN0000737402,AGAAAGGCACGTGCGACGTC,SGR000121400.1_XPR003.1,371,197,217,181,12,0,1691,301,161
BRDN0000738130,AGAAATCCAGTCCCGCCTAA,SGR000122128.1_XPR003.1,777,808,267,234,114,19,3522,1693,267
BRDN0000738092,AGACCTCGTTAGCCGTAGCT,SGR000122090.1_XPR003.1,1206,1153,331,568,351,23,4846,2110,407
BRDN0000737749,AGACGTTGATTTACCGGCCA,SGR000121747.1_XPR003.1,45,40,0,0,0,0,104,52,0
BRDN0000738338,AGACTCGTGTGCCACGAGGA,SGR000122336.1_XPR003.1,986,1336,133,514,253,2,4044,1788,168
BRDN0000738090,AGAGGCGGAGCAATACTCGC,SGR000122088.1_XPR003.1,329,234,81,188,128,0,1535,420,265
BRDN0000738041,AGATAGCGCAATCCCGCATG,SGR000122039.1_XPR003.1,1024,1433,213,570,167,0,3762,1226,414
BRDN0000737827,AGATTCTCGCGTAACCAGAG,SGR000121825.1_XPR003.1,442,627,68,338,95,2,2442,1305,148
BRDN0000737915,AGCACGCGCACAAGAGCCGC,SGR000121913.1_XPR003.1,485,408,114,437,105,98,2023,615,92
BRDN0000737423,AGCACTAGGATCGCGGCCTT,SGR000121421.1_XPR003.1,689,753,160,449,79,21,2313,1097,281
BRDN0000737591,AGCAGTTCGGGTAACGCCCA,SGR000121589.1_XPR003.1,597,838,126,401,293,70,3227,1323,214
BRDN0000737759,AGCATGGAGTCAACGTCCGC,SGR000121757.1_XPR003.1,1091,1121,232,438,249,0,3190,1582,479
BRDN0000737607,AGCCGCGCCGCAAAGCTTTT,SGR000121605.1_XPR003.1,700,431,183,452,232,74,2638,843,214
BRDN0000737472,AGCCGGGCTTTCCGTCAAGC,SGR000121470.1_XPR003.1,891,536,230,557,249,1,4447,1454,358
BRDN0000737493,AGCCTAGTCGCGCTAATATT,SGR000121491.1_XPR003.1,617,844,140,310,167,0,2902,1186,238
BRDN0000737874,AGCGAGTGTCCGTGACGTTC,SGR000121872.1_XPR003.1,508,445,148,365,259,0,2471,832,77
BRDN0000738164,AGCGATGTTCACGCACAGCG,SGR000122162.1_XPR003.1,628,514,45,170,279,14,2113,852,284
BRDN0000738344,AGCGCCATAGGACGCCAAAC,SGR000122342.1_XPR003.1,772,495,132,526,135,4,2629,966,222
BRDN0000737585,AGCGCGTAAGGCGTAGTTAC,SGR000121583.1_XPR003.1,410,253,195,220,150,0,2071,1008,190
BRDN0000738152,AGCGTATCTTATGTACCGCT,SGR000122150.1_XPR003.1,542,408,147,439,140,0,2460,1182,175
BRDN0000738208,AGCGTCCACGCGTCTATGGA,SGR000122206.1_XPR003.1,825,365,143,334,86,34,2534,582,294
BRDN0000738224,AGCGTGTCGAGAACGGCTTG,SGR000122222.1_XPR003.1,355,396,197,293,39,0,1997,581,249
BRDN0000738300,AGCGTTCGCAGCTGGTCAAC,SGR000122298.1_XPR003.1,672,534,162,677,135,3,2770,1561,466
BRDN0000737831,AGCTATCCCCACGTTCGCGG,SGR000121829.1_XPR003.1,632,1074,202,477,195,14,3014,1123,329
BRDN0000737448,AGCTTAGATCGTGCGTCGTA,SGR000121446.1_XPR003.1,728,477,110,264,252,0,2097,561,129
BRDN0000738143,AGGACTATCCGCGGGATTAG,SGR000122141.1_XPR003.1,751,844,273,599,194,11,3113,781,326
BRDN0000737765,AGGCAGCCCGCGTTAGAGAT,SGR000121763.1_XPR003.1,734,734,164,329,108,0,2748,1817,323
BRDN0000738049,AGGCCCCGAGACGCGCCACA,SGR000122047.1_XPR003.1,12,13,0,0,0,0,0,0,51
BRDN0000738181,AGGGCAATCGCGTGCCCAAC,SGR000122179.1_XPR003.1,523,563,111,312,103,50,1384,546,63
BRDN0000737830,AGGGTTAGGCTGACCCGCGA,SGR000121828.1_XPR003.1,592,961,130,328,153,0,2815,901,310
BRDN0000737891,AGGTCCGCTGGCGCAATGGG,SGR000121889.1_XPR003.1,1368,956,282,774,206,7,4184,2127,415
BRDN0000738193,AGGTCGTGGACCCGCATGTA,SGR000122191.1_XPR003.1,709,1059,146,255,185,25,2675,1458,209
BRDN0000737504,AGGTGCGTGTCAACCGGTAG,SGR000121502.1_XPR003.1,406,682,204,396,178,30,2542,992,200
BRDN0000737905,AGTACACTACATCGACTTCG,SGR000121903.1_XPR003.1,886,743,158,361,172,31,2175,1661,294
BRDN0000738245,AGTACAGCCGACGAGTGCGA,SGR000122243.1_XPR003.1,499,524,126,189,122,0,2577,597,172
BRDN0000737695,AGTAGACGCTATGTTCGCGC,SGR000121693.1_XPR003.1,333,326,9,244,165,30,1621,640,135
BRDN0000738196,AGTAGAGTCGCGAACGCTAC,SGR000122194.1_XPR003.1,306,362,78,158,28,0,987,426,29
BRDN0000738153,AGTCACTAGGCGCTCTCGCG,SGR000122151.1_XPR003.1,730,990,264,388,177,0,3031,726,206
BRDN0000738030,AGTCAGCTCCGGGGTATACG,SGR000122028.1_XPR003.1,562,710,89,445,190,0,2713,772,119
BRDN0000737530,AGTCATCCTCTATGCGCGTA,SGR000121528.1_XPR003.1,900,314,285,795,112,1,2624,2808,421
BRDN0000738256,AGTCCCACGTTTGCCGTCAA,SGR000122254.1_XPR003.1,931,1311,186,742,180,0,3814,596,450
BRDN0000738047,AGTCCGGTCGAAATCTGTAT,SGR000122045.1_XPR003.1,555,1130,83,479,59,9,2405,1144,235
BRDN0000738083,AGTGCCGGGGGTGTATACCG,SGR000122081.1_XPR003.1,583,645,99,412,70,30,1395,938,95
BRDN0000737942,AGTGTCACGGCAAAGTCGAG,SGR000121940.1_XPR003.1,824,510,220,268,220,0,2188,967,159
BRDN0000738046,AGTTAAGCGCGTATCTACGT,SGR000122044.1_XPR003.1,830,842,98,405,199,0,2696,960,356
BRDN0000738113,AGTTAAGCTCCAATCGTCTG,SGR000122111.1_XPR003.1,697,677,197,520,133,0,2575,1945,283
BRDN0000737741,AGTTTACGTGGTCCGATGTC,SGR000121739.1_XPR003.1,746,585,100,390,308,20,2501,1097,250
BRDN0000737614,ATAAAGTCCCAGGTGCGCGC,SGR000121612.1_XPR003.1,492,487,34,250,19,0,1553,703,27
BRDN0000738236,ATAACTTACTCGTTACGACT,SGR000122234.1_XPR003.1,483,354,209,194,143,1,1488,958,91
BRDN0000738376,ATAACTTATGCGCTTCGGGG,SGR000122374.1_XPR003.1,715,628,190,239,125,5,2212,976,155
BRDN0000738163,ATAATGCGCGCGAATACTTA,SGR000122161.1_XPR003.1,696,965,101,657,191,0,2075,638,168
BRDN0000738058,ATACCTCCGCTACACCGTCT,SGR000122056.1_XPR003.1,932,866,204,644,368,1,2795,1750,461
BRDN0000738292,ATACGCATAGATCGGTAAGC,SGR000122290.1_XPR003.1,440,183,66,529,63,0,1457,586,340
BRDN0000737899,ATACGCGTGATGACCTTATG,SGR000121897.1_XPR003.1,876,1168,234,605,91,2,2650,932,365
BRDN0000737397,ATAGATGTCTACGCGCCGTT,SGR000121395.1_XPR003.1,655,868,218,234,307,13,2184,1080,381
BRDN0000738232,ATAGCCCGGTTTGCCCGTCT,SGR000122230.1_XPR003.1,1087,990,198,903,314,0,4135,1708,666
BRDN0000737826,ATAGGCGCACGGGCTACTCC,SGR000121824.1_XPR003.1,909,699,184,650,152,1,3214,1398,423
BRDN0000738260,ATATCGAATGATGTCCGCAT,SGR000122258.1_XPR003.1,975,1028,161,762,325,61,3277,2436,256
BRDN0000737736,ATATGAGCCCGACCTCTCGA,SGR000121734.1_XPR003.1,836,449,156,405,245,13,2653,848,434
BRDN0000737871,ATATGCTCGACCCATCGTCC,SGR000121869.1_XPR003.1,441,879,99,251,123,20,2171,1035,83
BRDN0000737619,ATATTGTCCCATACGATCGG,SGR000121617.1_XPR003.1,782,989,138,276,195,0,3267,1654,190
BRDN0000737866,ATCACACGTTAAACGGGGCG,SGR000121864.1_XPR003.1,351,934,148,158,101,1,2032,410,253
BRDN0000737832,ATCATGCCTTCGCATTAACC,SGR000121830.1_XPR003.1,488,743,157,504,122,0,2143,2585,399
BRDN0000738329,ATCCACGCTCCGCGGTACTT,SGR000122327.1_XPR003.1,949,713,140,520,303,0,3176,1130,302
BRDN0000737962,ATCCCCCCGACTTAGGGATT,SGR000121960.1_XPR003.1,1000,1382,202,613,294,18,3860,2950,366
BRDN0000737715,ATCCGAGATCTGCGAATTAT,SGR000121713.1_XPR003.1,697,979,293,414,253,0,2855,1065,426
BRDN0000738203,ATCCGGGCATAGCGTTTAAA,SGR000122201.1_XPR003.1,625,1045,259,535,206,22,2425,1002,381
BRDN0000737699,ATCCGTACCAAACACGCTAC,SGR000121697.1_XPR003.1,630,373,83,255,169,0,1856,928,164
BRDN0000737850,ATCGAGCACCGAGTTGTGAT,SGR000121848.1_XPR003.1,874,1144,199,318,200,2,3600,1821,489
BRDN0000738155,ATCGATATTGATAAACGCGA,SGR000122153.1_XPR003.1,326,364,230,306,73,22,1726,533,223
BRDN0000737623,ATCGCAGGTCTACGCAGAGT,SGR000121621.1_XPR003.1,317,149,30,150,3,38,953,485,102
BRDN0000737980,ATCGCCTAGCCCAAGCGACG,SGR000121978.1_XPR003.1,391,400,94,105,69,0,2070,482,22
BRDN0000737926,ATCGCGGCGCGTTAAGGCAG,SGR000121924.1_XPR003.1,1138,1368,200,755,494,0,4459,2586,762
BRDN0000738258,ATCGCTAATTTACGAAGGCG,SGR000122256.1_XPR003.1,446,826,67,323,128,4,1092,614,179
BRDN0000738219,ATCGTAAATTACACGTACAG,SGR000122217.1_XPR003.1,360,684,74,235,37,0,1269,1358,97
BRDN0000738322,ATCTTAACCAGCGCATCCCG,SGR000122320.1_XPR003.1,750,685,297,371,143,0,2818,794,350
BRDN0000738247,ATGACACTTACGGTACTCGT,SGR000122245.1_XPR003.1,712,1052,313,388,258,0,2792,1103,230
BRDN0000738319,ATGACCTCTTCGTTCGAGAG,SGR000122317.1_XPR003.1,640,906,94,334,194,1,2197,1032,72
BRDN0000738263,ATGATGTGATCCTTCGCCGA,SGR000122261.1_XPR003.1,593,394,21,163,169,0,2216,1260,373
BRDN0000737975,ATGCCAATGCCGTTGTTAGC,SGR000121973.1_XPR003.1,955,745,227,526,92,25,3664,1494,174
BRDN0000738286,ATGGACCCTTCAGTGCGGTA,SGR000122284.1_XPR003.1,1482,1463,497,774,584,0,6101,3032,633
BRDN0000738201,ATGGGAAAGCCCACGACAAT,SGR000122199.1_XPR003.1,581,798,228,303,133,46,2120,811,90
BRDN0000737603,ATGGTGGCTGTACTCGTAAC,SGR000121601.1_XPR003.1,435,825,98,400,224,0,1766,536,141
BRDN0000737972,ATGTGTATGAAGCCCGTCAT,SGR000121970.1_XPR003.1,1176,1105,164,470,278,0,3741,925,306
BRDN0000737720,ATGTGTCATAGCGGCGTAGG,SGR000121718.1_XPR003.1,666,1135,96,540,260,11,3473,1074,566
BRDN0000737694,ATGTTACGTACGTGATCTCC,SGR000121692.1_XPR003.1,762,972,101,351,299,16,2897,1528,292
BRDN0000738167,ATGTTGCAGCGCTGTACGCC,SGR000122165.1_XPR003.1,971,730,116,454,157,61,3898,1074,417
BRDN0000737382,ATGTTGCAGTTCGGCTCGAT,SGR000121380.1_XPR003.1,856,1011,120,469,179,1,2758,1124,388
BRDN0000738053,ATTAGGTGACTGGAACACGT,SGR000122051.1_XPR003.1,445,723,252,208,130,0,1971,697,287
BRDN0000737798,ATTATAGCAGCCCCCCGAAT,SGR000121796.1_XPR003.1,538,629,113,390,106,50,2550,1007,46
BRDN0000737404,ATTATTCCTCCGGATGACGA,SGR000121402.1_XPR003.1,475,612,62,344,82,7,1548,975,159
BRDN0000738218,ATTCAGTGTACCGGTCAAAT,SGR000122216.1_XPR003.1,945,1043,182,568,124,73,2545,1530,247
BRDN0000737643,ATTCCGTTTGCAGCGAGACC,SGR000121641.1_XPR003.1,818,397,110,443,224,0,2266,839,237
BRDN0000737793,ATTCGGACCGTTATCTCACC,SGR000121791.1_XPR003.1,778,917,145,343,167,0,2659,1339,288
BRDN0000737417,ATTCGTGCATCGCGGGGTTT,SGR000121415.1_XPR003.1,1021,920,231,565,231,0,3882,1712,438
BRDN0000737386,ATTGTTCGACCGTCTACGGG,SGR000121384.1_XPR003.1,1037,1124,276,635,130,0,4698,2034,294
BRDN0000737688,ATTTGAATGCTCCCGTCGAC,SGR000121686.1_XPR003.1,705,1020,240,452,86,63,2934,1860,522
BRDN0000737951,ATTTGCCCGTCCATACGCGG,SGR000121949.1_XPR003.1,698,813,287,548,280,113,2682,1142,154
BRDN0000738036,CAAACGAGGCCACGTACGTG,SGR000122034.1_XPR003.1,252,353,69,421,88,0,725,84,126
BRDN0000738264,CAAAGTAACTATCTCGTCGA,SGR000122262.1_XPR003.1,210,482,69,133,158,1,859,534,224
BRDN0000738220,CAACACGTGCGAGCGAACTG,SGR000122218.1_XPR003.1,906,634,139,426,173,44,2623,1361,168
BRDN0000737460,CAACCGTGCGATGCGCGCTA,SGR000121458.1_XPR003.1,590,642,88,425,37,15,3536,691,217
BRDN0000737809,CAACCTGCCTAGCGACCCGC,SGR000121807.1_XPR003.1,730,1043,191,489,180,104,2951,1082,336
BRDN0000737470,CAACGATCAGGCGTGTTATC,SGR000121468.1_XPR003.1,727,1202,238,445,223,0,3274,1386,434
BRDN0000737689,CAACGGTCACGCTAGAATAA,SGR000121687.1_XPR003.1,436,466,108,142,156,0,1424,303,306
BRDN0000737666,CAAGAGTTAACCTCGACCGG,SGR000121664.1_XPR003.1,125,243,0,119,0,0,576,676,150
BRDN0000737932,CAAGGATCGTGCCGTGATTT,SGR000121930.1_XPR003.1,705,993,177,420,233,8,3304,1032,350
BRDN0000738207,CAAGGGGTGGTCATTGCGAC,SGR000122205.1_XPR003.1,393,427,1,283,114,23,1734,549,154
BRDN0000738096,CAATACACCGTTAACCCTCT,SGR000122094.1_XPR003.1,853,685,153,386,318,0,3287,1610,452
BRDN0000737628,CAATATCTAAGCGCTAACGA,SGR000121626.1_XPR003.1,217,161,111,21,47,49,714,215,24
BRDN0000737990,CAATATGCACGTAGCCTCGT,SGR000121988.1_XPR003.1,326,521,20,147,68,94,1529,957,410
BRDN0000737723,CAATATTCGACCTACGCTCC,SGR000121721.1_XPR003.1,431,303,63,424,138,3,1411,960,196
BRDN0000737943,CAATGGCGTCTGCCGTTCAG,SGR000121941.1_XPR003.1,923,969,186,677,209,0,2899,1586,139
BRDN0000737950,CACAACGCCTACCAGCGGAC,SGR000121948.1_XPR003.1,360,282,69,238,139,0,1128,527,97
BRDN0000737769,CACAATACGCGGCAGAGGTC,SGR000121767.1_XPR003.1,437,567,48,342,157,16,1953,393,64
BRDN0000738103,CACACGCCGCGGGCCGTGAG,SGR000122101.1_XPR003.1,632,777,148,377,149,1,2654,1666,218
BRDN0000737507,CACCCCGTAGCAACGATAAA,SGR000121505.1_XPR003.1,251,432,61,140,22,0,796,426,75
BRDN0000737459,CACCCGACTCGGCCGTAAAG,SGR000121457.1_XPR003.1,411,723,63,172,106,0,2273,574,163
BRDN0000737763,CACCGCTGCCCTAGTACCGG,SGR000121761.1_XPR003.1,544,509,215,448,101,0,2545,927,210
BRDN0000738342,CACCTATTCCCCTCCGCAAC,SGR000122340.1_XPR003.1,602,683,162,702,136,1,2432,1278,200
BRDN0000737418,CACCTCGCGTCATATCACTA,SGR000121416.1_XPR003.1,550,511,12,546,246,0,2166,982,287
BRDN0000738156,CACCTTTCGAGGTAACACCG,SGR000122154.1_XPR003.1,571,953,106,399,109,39,2699,1335,195
BRDN0000738367,CACGAATAACTACAGGTTGC,SGR000122365.1_XPR003.1,538,447,271,490,133,0,1675,885,58
BRDN0000737882,CACGCAGGAGCGGCGACACT,SGR000121880.1_XPR003.1,377,514,22,368,76,0,2064,1064,185
BRDN0000738065,CACGCCTTCGTCAACCCTAT,SGR000122063.1_XPR003.1,747,660,198,656,106,2,2657,1648,252
BRDN0000738062,CACGGCAGGCATCTCGTCTA,SGR000122060.1_XPR003.1,601,1132,99,538,132,96,2639,721,177
BRDN0000738262,CACGGGCAGCGATCTAGTTG,SGR000122260.1_XPR003.1,343,391,151,179,128,0,1739,792,217
BRDN0000737621,CACGTAAGACGCTCCACTTA,SGR000121619.1_XPR003.1,464,558,233,340,271,0,2062,833,400
BRDN0000737849,CACGTATACTTAGGTCAGCG,SGR000121847.1_XPR003.1,278,388,57,372,110,18,1613,406,82
BRDN0000737635,CACTCAGCGGTTGGACGCCC,SGR000121633.1_XPR003.1,334,471,81,384,384,28,1332,342,318
BRDN0000737998,CAGAAACTCTTACCGAGCGC,SGR000121996.1_XPR003.1,513,327,141,97,253,1,2293,793,268
BRDN0000737946,CAGCACCACGCGTCGTGCGG,SGR000121944.1_XPR003.1,660,998,113,315,197,0,2034,1237,248
BRDN0000737392,CAGCCACCGCACCGGCGTAA,SGR000121390.1_XPR003.1,341,377,129,402,201,124,1429,920,177
BRDN0000738148,CAGCGACTCTGATCGGCGTA,SGR000122146.1_XPR003.1,373,353,33,207,90,0,1438,356,99
BRDN0000737557,CAGCTCACCCTGCGTACGGT,SGR000121555.1_XPR003.1,669,578,153,916,177,0,3116,942,260
BRDN0000737779,CAGCTGACCGTTAATCGATA,SGR000121777.1_XPR003.1,457,486,146,375,75,0,1091,462,120
BRDN0000737527,CAGGGACGTAGCCGCCGTTA,SGR000121525.1_XPR003.1,478,467,58,305,8,0,1407,803,103
BRDN0000738154,CAGGTTTCCCCTAGTCGAAT,SGR000122152.1_XPR003.1,711,499,87,526,263,0,2636,835,153
BRDN0000737963,CAGTGCCGGTAGCGGCACGG,SGR000121961.1_XPR003.1,325,244,88,167,58,58,1207,145,95
BRDN0000737478,CATACCCGCGCCGTGACTCC,SGR000121476.1_XPR003.1,431,419,115,179,95,0,1804,488,66
BRDN0000738241,CATACCCGGTGTTTCCTAGC,SGR000122239.1_XPR003.1,439,562,93,706,119,0,1441,187,271
BRDN0000737834,CATACTGTTATCGACCCGCA,SGR000121832.1_XPR003.1,326,339,128,235,85,52,1480,355,126
BRDN0000737802,CATAGATCCGCGATTGTACG,SGR000121800.1_XPR003.1,470,450,66,246,132,0,1779,565,120
BRDN0000737751,CATAGCAACGCCCAAACTCG,SGR000121749.1_XPR003.1,393,761,152,239,102,17,1490,846,221
BRDN0000737877,CATATACTCTTGCGCTAGAC,SGR000121875.1_XPR003.1,320,467,241,180,147,0,1560,822,163
BRDN0000737701,CATATGCCTATAACCGGCGG,SGR000121699.1_XPR003.1,312,419,53,433,89,0,1230,779,232
BRDN0000737684,CATATGCTCGACGGTATAAA,SGR000121682.1_XPR003.1,348,353,130,210,56,0,1402,732,182
BRDN0000738042,CATCAGCCCATTATGACTCG,SGR000122040.1_XPR003.1,371,496,33,192,242,47,2458,929,161
BRDN0000738105,CATCCCCCGACTACGACTAC,SGR000122103.1_XPR003.1,420,995,181,201,128,0,2164,1022,230
BRDN0000737632,CATCGAGGGTAAACGCCATT,SGR000121630.1_XPR003.1,362,350,126,260,107,0,1355,415,118
BRDN0000738230,CATCGCCGACGATCCTCTGG,SGR000122228.1_XPR003.1,674,906,274,424,109,0,3635,1423,472
BRDN0000737645,CATCGGCTATGTCGGGGACA,SGR000121643.1_XPR003.1,844,841,84,427,285,2,2723,903,358
BRDN0000738033,CATCGGTAGTCACTACGCCC,SGR000122031.1_XPR003.1,613,360,111,261,190,0,1709,1004,117
BRDN0000737469,CATCGTAACACACGTACGAG,SGR000121467.1_XPR003.1,604,449,81,121,182,79,1666,383,130
BRDN0000737510,CATCTATGAGACGTGCGTAC,SGR000121508.1_XPR003.1,0,0,0,0,0,0,0,0,0
BRDN0000737653,CATGCCCGTCTGCGCCGCAT,SGR000121651.1_XPR003.1,784,539,134,334,61,34,2512,1160,369
BRDN0000738302,CATGGGACCCCCCCTCACGT,SGR000122300.1_XPR003.1,550,378,120,237,170,3,1932,1119,260
BRDN0000737562,CATTACGTGTCGAGCTCCGG,SGR000121560.1_XPR003.1,502,323,182,42,179,0,1733,457,106
BRDN0000737476,CATTCGGTCCGTTCATCTCG,SGR000121474.1_XPR003.1,555,696,129,459,175,0,2301,1155,166
BRDN0000737961,CATTCTCTGACGAATGCGCC,SGR000121959.1_XPR003.1,423,386,114,363,85,0,2047,707,341
BRDN0000737679,CATTGTAGACTCGTACGGAT,SGR000121677.1_XPR003.1,447,476,218,198,78,0,1584,700,83
BRDN0000738001,CATTTCCGGGGTCCGATGCA,SGR000121999.1_XPR003.1,681,747,231,560,106,34,2677,1207,344
BRDN0000738299,CCAACATCGGGGCGCATAAT,SGR000122297.1_XPR003.1,497,890,251,301,168,75,1867,970,112
BRDN0000737934,CCAACCCGGCATCGTCCGCT,SGR000121932.1_XPR003.1,764,556,127,679,166,0,2202,891,330
BRDN0000738269,CCAACCTAAGGCAATACGGT,SGR000122267.1_XPR003.1,407,500,71,118,89,0,1557,1144,23
BRDN0000738265,CCAAGGCGCACGCTACGTGG,SGR000122263.1_XPR003.1,439,716,167,168,335,4,2178,745,138
BRDN0000737859,CCAGCGGACGGCGAACTCCA,SGR000121857.1_XPR003.1,865,715,192,441,406,26,3614,1923,434
BRDN0000737983,CCAGCTAACGTTTTAGTACG,SGR000121981.1_XPR003.1,294,440,107,330,19,0,1100,290,97
BRDN0000737644,CCATCGGTTCGACTTACCGC,SGR000121642.1_XPR003.1,571,443,172,610,226,0,3689,1079,222
BRDN0000737929,CCATTAGTACGAACATTGCG,SGR000121927.1_XPR003.1,350,382,135,373,40,0,1332,582,374
BRDN0000737639,CCCACTTAATAACGCCGCTT,SGR000121637.1_XPR003.1,312,530,98,372,230,0,2020,669,67
BRDN0000737697,CCCATCATTCGCGCTGACGT,SGR000121695.1_XPR003.1,932,837,34,616,197,52,3090,1070,334
BRDN0000738231,CCCATTCAACACCGTTTGTA,SGR000122229.1_XPR003.1,619,997,145,612,89,7,2837,1377,379
BRDN0000737913,CCCCTATAGGCGCGCTAAGG,SGR000121911.1_XPR003.1,403,421,160,508,157,2,1826,809,200
BRDN0000737570,CCCCTTCGATATCCGATGAC,SGR000121568.1_XPR003.1,611,581,104,340,120,35,1542,629,275
BRDN0000737492,CCCGCCTGGCGATTCACGGG,SGR000121490.1_XPR003.1,588,603,146,294,234,0,2744,810,252
BRDN0000737907,CCCGGCAGACTAACTAGCGC,SGR000121905.1_XPR003.1,583,643,127,388,169,0,2348,1160,168
BRDN0000738160,CCCGGGTACACCAATAGCCA,SGR000122158.1_XPR003.1,358,299,29,102,156,0,1334,507,115
BRDN0000738282,CCCGGTCGGGGATACTAACT,SGR000122280.1_XPR003.1,306,614,147,126,201,23,1489,1065,113
BRDN0000738169,CCCGTAGGGGTCGTGGTTTT,SGR000122167.1_XPR003.1,869,424,116,340,191,52,2316,453,209
BRDN0000737861,CCCTAAACCATAGTTTCGCC,SGR000121859.1_XPR003.1,786,513,285,238,157,0,2488,697,233
BRDN0000737862,CCCTAGCTCGGTTAGAGAAT,SGR000121860.1_XPR003.1,360,368,131,406,94,0,880,562,97
BRDN0000737401,CCCTATATGCGAGATCCATA,SGR000121399.1_XPR003.1,557,775,137,416,75,0,1727,663,199
BRDN0000738015,CCCTCGGTTGAGCAGCGCGA,SGR000122013.1_XPR003.1,405,632,143,218,106,1,1657,395,144
BRDN0000737812,CCCTGATGTGCTATACGCGC,SGR000121810.1_XPR003.1,504,529,243,228,172,0,2303,1090,265
BRDN0000737837,CCCTTAAAGTGACGGACGAA,SGR000121835.1_XPR003.1,183,295,115,209,159,0,1185,484,7
BRDN0000738289,CCGACCGTGTGAGAGTACGT,SGR000122287.1_XPR003.1,853,762,363,339,82,0,3048,1119,278
BRDN0000737781,CCGACTGCCGAGCTAGGCGT,SGR000121779.1_XPR003.1,534,808,188,503,245,0,2925,1013,230
BRDN0000738209,CCGAGAGGTACTCCAATTCG,SGR000122207.1_XPR003.1,410,414,130,371,79,1,2249,818,141
BRDN0000737914,CCGAGATGGCTCGGATAGAC,SGR000121912.1_XPR003.1,470,582,53,437,243,38,2817,1252,129
BRDN0000738106,CCGAGCACCCTATTTATCTA,SGR000122104.1_XPR003.1,799,872,185,577,133,0,2127,1258,291
BRDN0000737711,CCGAGCCGAATTGGGCGTGT,SGR000121709.1_XPR003.1,213,575,0,501,21,1,1268,770,19
BRDN0000738357,CCGATACCATTGTCACCAAT,SGR000122355.1_XPR003.1,935,824,248,265,151,0,2658,1348,318
BRDN0000738115,CCGCACCGCAGTCATGGTAA,SGR000122113.1_XPR003.1,2197,2002,668,1501,672,17,7488,3040,798
BRDN0000737519,CCGCCCCTGCGAACTGCGTT,SGR000121517.1_XPR003.1,736,864,148,322,193,2,2504,869,582
BRDN0000737892,CCGCCCGGGTGTGAGTTGAG,SGR000121890.1_XPR003.1,629,494,114,661,135,58,2099,1016,215
BRDN0000737879,CCGCGCATTAACGATCAGTA,SGR000121877.1_XPR003.1,296,359,202,393,79,1,1845,1245,215
BRDN0000737385,CCGCGCCGTTAGGGAACGAG,SGR000121383.1_XPR003.1,722,516,24,310,84,0,1970,615,208
BRDN0000738120,CCGCGTGACGCAATCCCTTG,SGR000122118.1_XPR003.1,822,1292,272,290,225,0,3677,1126,330
BRDN0000737745,CCGCTTGGGCGCTATTAATT,SGR000121743.1_XPR003.1,604,528,82,572,77,2,2753,1047,315
BRDN0000737761,CCGGACTTGTTATACTTGAT,SGR000121759.1_XPR003.1,692,1191,282,513,190,0,2407,857,230
BRDN0000738043,CCGGAGCGCGTTGCAGTTCT,SGR000122041.1_XPR003.1,511,510,118,279,211,120,2527,721,186
BRDN0000737722,CCGGATCGGCTACGCTACGG,SGR000121720.1_XPR003.1,514,127,147,527,231,33,2238,984,265
BRDN0000738006,CCGGCGCTGCGGTCGGCTTG,SGR000122004.1_XPR003.1,541,462,92,629,99,14,2213,830,300
BRDN0000737605,CCGGCTTGAATACCGTGCGG,SGR000121603.1_XPR003.1,323,183,99,153,17,0,974,700,116
BRDN0000738002,CCGGGCGCCGTATCCCCTAC,SGR000122000.1_XPR003.1,585,458,126,249,17,0,2252,816,179
BRDN0000737556,CCGGTTTATAAATTACGTGG,SGR000121554.1_XPR003.1,436,242,33,126,85,6,1194,345,90
BRDN0000737463,CCGTATACGTATCTATGCCG,SGR000121461.1_XPR003.1,686,723,152,464,233,0,2026,1197,198
BRDN0000737626,CCGTCGAGCAATCCCGCCAA,SGR000121624.1_XPR003.1,464,372,158,269,65,0,1157,681,138
BRDN0000738039,CCGTGATTTCGGTAGCGTAC,SGR000122037.1_XPR003.1,470,851,62,330,159,49,2371,1000,247
BRDN0000737982,CCGTTCAATTATGCTGGCGT,SGR000121980.1_XPR003.1,475,435,107,199,76,0,1403,656,192
BRDN0000737433,CCGTTCTGACGACGCTAAAG,SGR000121431.1_XPR003.1,861,850,174,321,314,77,2346,1140,170
BRDN0000737450,CCGTTTCGCCTATTGGTGCG,SGR000121448.1_XPR003.1,859,954,261,1043,196,0,3467,1304,436
BRDN0000738133,CCTAACTCGAAGTCTCGTCA,SGR000122131.1_XPR003.1,520,335,136,357,110,0,1801,1476,72
BRDN0000738000,CCTACTAACGACGAGTCAAA,SGR000121998.1_XPR003.1,327,226,64,105,210,8,1069,331,132
BRDN0000737880,CCTATTAGTCCGGTTTAGTC,SGR000121878.1_XPR003.1,534,698,74,353,145,50,1386,984,130
BRDN0000738094,CCTCAAATAGCGAACGTCAA,SGR000122092.1_XPR003.1,377,392,186,447,147,0,1967,1059,460
BRDN0000738358,CCTCCAGTAGCGTCATTAAC,SGR000122356.1_XPR003.1,344,479,176,412,62,5,1615,398,172
BRDN0000738327,CCTCCTTCAGTTCGATCTGG,SGR000122325.1_XPR003.1,842,773,342,537,125,78,3184,1620,332
BRDN0000738324,CCTGCTATTCTCGCATGCGA,SGR000122322.1_XPR003.1,378,255,160,277,77,1,1888,1014,273
BRDN0000737976,CCTTACGGCGGAGAACGAGT,SGR000121974.1_XPR003.1,337,316,5,233,78,0,1745,346,53
BRDN0000737394,CCTTAGACCGGGTGTACCTC,SGR000121392.1_XPR003.1,444,361,155,190,53,39,1990,600,172
BRDN0000737502,CCTTCGGATTCGTAGGCTGG,SGR000121500.1_XPR003.1,569,1076,342,562,295,0,2867,1208,178
BRDN0000737594,CCTTGTGGCGTGCCAAACGA,SGR000121592.1_XPR003.1,562,1020,128,662,57,0,1474,683,261
BRDN0000738014,CCTTTGATGGGCGCGTACTC,SGR000122012.1_XPR003.1,605,342,258,262,96,0,2334,1023,178
BRDN0000737616,CGAAACCATACCTCCTTCGA,SGR000121614.1_XPR003.1,442,547,79,524,119,0,2054,949,187
BRDN0000738166,CGAAAGGCCCGACTGCGTGG,SGR000122164.1_XPR003.1,439,438,93,506,62,0,1785,840,333
BRDN0000738004,CGAACTTCTACCGTTGTGCG,SGR000122002.1_XPR003.1,344,236,57,463,185,0,1198,930,85
BRDN0000737768,CGAAGTACACGGTTCTCTCG,SGR000121766.1_XPR003.1,595,777,206,311,102,0,1723,890,78
BRDN0000737583,CGAATCGGGAAGGCGCGTGT,SGR000121581.1_XPR003.1,557,607,124,417,104,0,1566,561,191
BRDN0000738223,CGAATGCACAGGCTCGCGGT,SGR000122221.1_XPR003.1,145,168,18,129,76,5,474,246,81
BRDN0000737491,CGAATGCGCCGGAGAATATT,SGR000121489.1_XPR003.1,708,883,193,672,203,38,2862,711,410
BRDN0000737547,CGACACGATGGTCATACTAC,SGR000121545.1_XPR003.1,624,686,21,266,145,0,1624,988,203
BRDN0000737481,CGACACTTGGGCTGACGCGC,SGR000121479.1_XPR003.1,523,585,212,284,52,0,1654,631,107
BRDN0000737729,CGACGACCCATTTCGGTTAT,SGR000121727.1_XPR003.1,749,899,129,642,134,0,2522,1258,284
BRDN0000738297,CGACGACCTTGGATTGGCAG,SGR000122295.1_XPR003.1,786,539,133,536,248,32,2579,1533,264
BRDN0000737927,CGACGGTTGTGCTGAGGCTT,SGR000121925.1_XPR003.1,912,1288,357,665,217,0,4897,885,378
BRDN0000737698,CGACTATTGCCGTCCATCTC,SGR000121696.1_XPR003.1,566,782,148,162,75,0,2326,668,209
BRDN0000738110,CGACTCCGGGAATATCCGTT,SGR000122108.1_XPR003.1,578,719,165,635,332,5,3061,514,129
BRDN0000737734,CGACTCGCTTAACCGTGCAG,SGR000121732.1_XPR003.1,560,610,47,360,70,6,1932,377,235
BRDN0000737870,CGAGACGAATCCATCATGCG,SGR000121868.1_XPR003.1,44,1,31,2,0,0,29,0,0
BRDN0000738287,CGAGAGAATCGTCCGTCATA,SGR000122285.1_XPR003.1,528,601,94,337,123,0,1811,307,385
BRDN0000738239,CGAGCCTCGTCTTTCATGGG,SGR000122237.1_XPR003.1,768,864,138,528,139,1,2536,1728,436
BRDN0000738009,CGAGCTCGGCAAATTTGATT,SGR000122007.1_XPR003.1,499,477,194,375,224,41,1958,975,106
BRDN0000737565,CGAGGATGTACATACGTAAA,SGR000121563.1_XPR003.1,283,397,83,130,51,0,774,262,245
BRDN0000738379,CGAGGCTTAACGCCAGATTC,SGR000122377.1_XPR003.1,578,534,208,538,129,70,1498,611,197
BRDN0000737601,CGAGTAATTATTTGCGGTCG,SGR000121599.1_XPR003.1,200,293,5,61,124,0,927,269,195
BRDN0000738082,CGAGTATCAGCATGTCGACG,SGR000122080.1_XPR003.1,447,367,110,466,132,26,1533,657,7
BRDN0000737948,CGATACGCTATAGAATAGTC,SGR000121946.1_XPR003.1,276,298,58,140,110,0,906,996,252
BRDN0000737947,CGATGTCGAAAGTCGGTCAA,SGR000121945.1_XPR003.1,388,338,143,259,124,0,1597,403,375
BRDN0000737610,CGATTGACGTTGGGCTCTCA,SGR000121608.1_XPR003.1,512,475,102,249,105,38,1792,419,460
BRDN0000738353,CGCACTTCTAGTAGCTGTCG,SGR000122351.1_XPR003.1,545,358,83,407,160,0,1771,729,174
BRDN0000737821,CGCAGAGTTCAAATCCGCGC,SGR000121819.1_XPR003.1,292,163,21,208,100,0,1518,357,68
BRDN0000737744,CGCATAGTGTACCGTTGCGC,SGR000121742.1_XPR003.1,360,139,101,178,37,33,1270,459,313
BRDN0000738138,CGCCAATGGTGGCCGACTCG,SGR000122136.1_XPR003.1,755,842,132,275,101,46,2285,1146,199
BRDN0000738243,CGCCAGTATACCACATTCGT,SGR000122241.1_XPR003.1,309,289,147,208,105,6,1270,682,163
BRDN0000738079,CGCCCCTAGTTGTCCCGCCC,SGR000122077.1_XPR003.1,549,495,93,256,141,0,3125,826,267
BRDN0000737449,CGCCGGATGACTGGTGGATA,SGR000121447.1_XPR003.1,601,648,191,262,108,0,1598,1152,122
BRDN0000738350,CGCCTAGTATCTTCGGGGAT,SGR000122348.1_XPR003.1,456,718,93,283,18,0,1355,505,210
BRDN0000738124,CGCGACGTACGGCTGGAGCA,SGR000122122.1_XPR003.1,478,446,187,363,245,0,2694,1005,209
BRDN0000737737,CGCGCCGAGGGCCTCGTTAC,SGR000121735.1_XPR003.1,464,480,22,284,142,0,1976,805,262
BRDN0000737617,CGCGCCTACCCTTTTACCGC,SGR000121615.1_XPR003.1,338,367,22,131,50,0,1379,335,114
BRDN0000737900,CGCGCGACTGCAGCTAATCT,SGR000121898.1_XPR003.1,691,662,133,331,128,68,2702,928,260
BRDN0000737911,CGCGCGGATATTTAAACTTC,SGR000121909.1_XPR003.1,395,141,194,193,29,34,1586,533,128
BRDN0000737977,CGCGCGGATCTTCCGTACAA,SGR000121975.1_XPR003.1,379,436,76,215,54,44,1324,1045,233
BRDN0000737426,CGCGTATATGTCACACGGCA,SGR000121424.1_XPR003.1,391,197,75,119,25,34,1216,335,155
BRDN0000738252,CGCTACAGTAATCGCAACGA,SGR000122250.1_XPR003.1,358,327,91,323,172,1,1318,747,162
BRDN0000737847,CGCTCCGTATCCTCTCATAA,SGR000121845.1_XPR003.1,562,971,154,610,316,68,2084,1196,141
BRDN0000737919,CGCTCGGTAAGGTCGATTGG,SGR000121917.1_XPR003.1,633,559,47,366,143,0,1963,564,305
BRDN0000737797,CGCTCGGTGACGTATACACG,SGR000121795.1_XPR003.1,679,447,112,532,183,42,1775,833,124
BRDN0000737442,CGCTTCATTGCCCGAACGCT,SGR000121440.1_XPR003.1,502,687,214,420,152,0,2352,1324,227
BRDN0000737431,CGCTTCGTCTCTCGCAAACA,SGR000121429.1_XPR003.1,25,0,0,82,0,0,34,30,4
BRDN0000738122,CGGAATACGCCAAAACCTAT,SGR000122120.1_XPR003.1,640,676,75,381,103,60,2754,1129,302
BRDN0000738221,CGGACTTACCGCAGATTATA,SGR000122219.1_XPR003.1,494,476,111,238,74,0,1494,679,119
BRDN0000738199,CGGATCCGGTACGGTCAGTT,SGR000122197.1_XPR003.1,687,682,90,302,79,0,2111,920,159
BRDN0000737928,CGGATCCTCCCGTACTATCC,SGR000121926.1_XPR003.1,455,489,161,275,83,0,2099,959,355
BRDN0000737978,CGGCAAGCGCATTCCTATGG,SGR000121976.1_XPR003.1,658,650,114,313,225,0,1711,1131,235
BRDN0000737534,CGGCAATGTGTGGCGACCGC,SGR000121532.1_XPR003.1,425,141,87,217,106,0,1286,605,25
BRDN0000737544,CGGCCGTAGTGACGAATGGA,SGR000121542.1_XPR003.1,832,761,169,152,153,24,2514,673,168
BRDN0000737672,CGGCGATAACAGCGACATCG,SGR000121670.1_XPR003.1,434,629,97,205,89,0,1207,642,303
BRDN0000737525,CGGGCAATATGATCGTAGGC,SGR000121523.1_XPR003.1,628,587,37,525,253,0,1803,1084,208
BRDN0000737659,CGGGCACTAACCCGATACAC,SGR000121657.1_XPR003.1,482,736,54,271,98,0,1399,732,136
BRDN0000737789,CGGGCGGTAAGAGCTCTACG,SGR000121787.1_XPR003.1,420,578,111,158,67,0,1643,422,65
BRDN0000737388,CGGGCGTCACCTGCTAGTAA,SGR000121386.1_XPR003.1,464,276,133,198,180,0,2208,1048,150
BRDN0000737733,CGGGGCGTACATGTGTGGCC,SGR000121731.1_XPR003.1,553,608,176,465,117,1,2449,964,305
BRDN0000737829,CGGGTTATAGATAGTCGTCG,SGR000121827.1_XPR003.1,359,365,139,283,213,0,1518,360,185
BRDN0000737952,CGGTAAGATGGTTATACCGT,SGR000121950.1_XPR003.1,285,398,80,278,170,0,1299,465,116
BRDN0000738318,CGGTAAGGTCGGTCTCCATC,SGR000122316.1_XPR003.1,517,695,215,335,110,0,2221,1062,238
BRDN0000738084,CGGTACCACGCCCCACCTCG,SGR000122082.1_XPR003.1,786,858,180,649,184,26,2921,1481,259
BRDN0000737799,CGGTCAGTCGTCTTCCCGGA,SGR000121797.1_XPR003.1,438,671,231,269,106,0,1882,835,283
BRDN0000738234,CGGTCGATTGTGGAGTAATG,SGR000122232.1_XPR003.1,475,389,79,150,256,16,1252,733,162
BRDN0000737624,CGGTCGTGACAGACCTGGTG,SGR000121622.1_XPR003.1,469,148,80,163,122,40,974,705,244
BRDN0000737440,CGGTGAGGATCCCTCTTGCG,SGR000121438.1_XPR003.1,442,431,94,242,61,0,1818,842,149
BRDN0000737523,CGTAAACCATAACGTTGGTC,SGR000121521.1_XPR003.1,191,269,0,123,39,38,693,650,156
BRDN0000737671,CGTAACCGGAGATAATATTA,SGR000121669.1_XPR003.1,362,335,109,206,123,0,1648,1133,205
BRDN0000737772,CGTACCGACAGTAGTCCAAG,SGR000121770.1_XPR003.1,309,513,18,310,221,6,1932,748,25
BRDN0000737531,CGTACGGGCGCGCCGTCCAT,SGR000121529.1_XPR003.1,309,754,102,239,88,18,1678,499,50
BRDN0000738170,CGTAGATGCCTGCTCGAGCA,SGR000122168.1_XPR003.1,591,576,240,295,235,15,2749,810,158
BRDN0000737752,CGTCAATGTGTCCGGACGGT,SGR000121750.1_XPR003.1,371,672,50,279,231,46,985,1034,299
BRDN0000737633,CGTCACCGCTAGTAATGATG,SGR000121631.1_XPR003.1,411,673,125,327,110,4,1619,501,139
BRDN0000738309,CGTCATGGCAAGATCGATAA,SGR000122307.1_XPR003.1,336,111,9,198,71,1,987,203,116
BRDN0000738012,CGTCCTCGCAGCGTAGACTG,SGR000122010.1_XPR003.1,232,172,58,149,119,0,805,262,30
BRDN0000738023,CGTCGAAGATACGCAGGCTG,SGR000122021.1_XPR003.1,305,534,26,131,133,3,1940,588,192
BRDN0000738165,CGTCGATCCCTCTATACTGG,SGR000122163.1_XPR003.1,691,500,187,410,108,39,3022,636,318
BRDN0000738303,CGTCGCATGTTGTTGCTCAT,SGR000122301.1_XPR003.1,752,865,165,359,273,18,2197,1110,351
BRDN0000738089,CGTGAATCGACCCTCAATAA,SGR000122087.1_XPR003.1,289,425,50,391,115,0,1770,951,134
BRDN0000737571,CGTGATTCCTAAGCCCCCGC,SGR000121569.1_XPR003.1,378,148,48,143,30,0,1073,519,140
BRDN0000737569,CGTGCGTTCGTAATAAAAGG,SGR000121567.1_XPR003.1,194,222,56,241,34,0,915,204,2
BRDN0000738182,CGTGTAGTCGGGTCGCATGT,SGR000122180.1_XPR003.1,715,775,171,348,153,0,2516,1016,397
BRDN0000738055,CGTGTGTTTACAGCCCTTAC,SGR000122053.1_XPR003.1,295,346,117,225,132,4,1391,1198,233
BRDN0000738146,CGTGTTTGGCGGCCAACTTT,SGR000122144.1_XPR003.1,737,744,84,669,141,29,1998,492,148
BRDN0000738011,CGTGTTTTACCTCGCTTCGA,SGR000122009.1_XPR003.1,598,676,124,277,154,1,2672,573,259
BRDN0000738078,CGTTAATAAACGCGGTTTCA,SGR000122076.1_XPR003.1,244,412,56,134,53,0,961,259,78
BRDN0000738052,CGTTAATCCACCGTATGGGC,SGR000122050.1_XPR003.1,345,420,101,125,147,0,1423,568,115
BRDN0000737655,CGTTACGTTTCTTGCCAGGA,SGR000121653.1_XPR003.1,662,707,60,321,88,2,2356,616,155
BRDN0000738099,CGTTAGACCGAATCTCCGGG,SGR000122097.1_XPR003.1,491,428,40,347,120,0,1233,1051,307
BRDN0000738225,CGTTATATCTACACTTTGCG,SGR000122223.1_XPR003.1,417,675,171,245,62,116,2110,873,191
BRDN0000738008,CGTTATTGTACACCACGCTC,SGR000122006.1_XPR003.1,460,525,141,179,181,0,2488,1070,227
BRDN0000738272,CGTTGCGAATCCACCCTATT,SGR000122270.1_XPR003.1,553,473,318,416,250,4,2372,1406,87
BRDN0000738253,CGTTGTTTGGAGCCCGTCCA,SGR000122251.1_XPR003.1,606,793,137,348,264,0,2324,996,333
BRDN0000738025,CTAACAGCGCCGTTATCTAC,SGR000122023.1_XPR003.1,310,360,124,386,158,0,1868,370,247
BRDN0000738205,CTAACGTGGTAGCACTACAA,SGR000122203.1_XPR003.1,633,302,238,355,278,0,1515,590,175
BRDN0000738189,CTAAGTCGACTGTTTCGACC,SGR000122187.1_XPR003.1,815,601,377,271,292,97,2074,1376,199
BRDN0000737703,CTAATACACCCGGACGGTAC,SGR000121701.1_XPR003.1,535,816,174,201,111,0,1888,963,291
BRDN0000738310,CTAATACACTCCTTCTCCGC,SGR000122308.1_XPR003.1,866,799,164,473,145,34,2554,1657,186
BRDN0000738045,CTAATTCCAATATCCGTCTG,SGR000122043.1_XPR003.1,421,747,74,271,332,36,1952,1438,315
BRDN0000738341,CTACCCCCGCTGTGCAACGT,SGR000122339.1_XPR003.1,833,752,62,336,36,1,2489,1100,365
BRDN0000737787,CTACCCGTCTATTACGATCT,SGR000121785.1_XPR003.1,477,903,166,627,225,0,3215,1490,239
BRDN0000738056,CTACCGGTCACGTTGTGACC,SGR000122054.1_XPR003.1,340,547,161,339,15,0,1771,232,182
BRDN0000738333,CTACGAGATTCGGCTAAGCT,SGR000122331.1_XPR003.1,304,414,81,283,82,0,1561,293,59
BRDN0000737719,CTACGAGGGCCGCGAGCGGT,SGR000121717.1_XPR003.1,197,145,92,216,126,0,1388,558,98
BRDN0000737853,CTACGGATAGGCGCGGGTGA,SGR000121851.1_XPR003.1,694,595,110,536,141,8,2400,1099,282
BRDN0000737852,CTACTTGTGACGACCTCGCG,SGR000121850.1_XPR003.1,478,766,151,223,95,0,1726,941,64
BRDN0000737754,CTATCGGCCCGCAGTGATGG,SGR000121752.1_XPR003.1,623,959,192,275,224,3,2505,893,272
BRDN0000737814,CTATTGGGAGCGGCCTCTCG,SGR000121812.1_XPR003.1,665,648,162,518,106,0,2837,1216,119
BRDN0000738222,CTCAAACCTCCGTTACCCCG,SGR000122220.1_XPR003.1,408,389,154,373,213,46,2070,666,299
BRDN0000737685,CTCATGTACGCCTTCGCTAC,SGR000121683.1_XPR003.1,296,173,95,88,65,1,1042,975,308
BRDN0000738151,CTCCCATCCCCGTAGCGGCC,SGR000122149.1_XPR003.1,612,719,257,252,159,20,2319,1350,188
BRDN0000737738,CTCCGACGACTACGCAAGGA,SGR000121736.1_XPR003.1,368,450,93,94,132,0,1482,944,62
BRDN0000737613,CTCCGGACGTGCATCCGAGA,SGR000121611.1_XPR003.1,736,679,274,357,150,0,2720,727,216
BRDN0000737657,CTCCTCGAGGCTGGCTACGT,SGR000121655.1_XPR003.1,833,993,135,399,118,1,2198,900,264
BRDN0000737771,CTCGACCCAGTAGTAGACGG,SGR000121769.1_XPR003.1,559,468,48,387,185,0,1989,1043,92
BRDN0000738064,CTCGATGCCACGGAAGGCGG,SGR000122062.1_XPR003.1,481,492,38,526,103,0,2074,554,206
BRDN0000737683,CTCGGACGGCATACGACAAT,SGR000121681.1_XPR003.1,499,627,118,565,146,0,2734,773,118
BRDN0000738313,CTCGGAGATTCGTTAGAAGA,SGR000122311.1_XPR003.1,437,191,163,148,81,0,1335,177,101
BRDN0000738235,CTCGGATGGTGTGTTGAACC,SGR000122233.1_XPR003.1,512,604,153,252,72,0,2161,673,212
BRDN0000737558,CTCGGCTTTACGATCGATCA,SGR000121556.1_XPR003.1,757,679,181,609,98,48,2408,1221,385
BRDN0000737398,CTCGGGCTATTCAGCGATAG,SGR000121396.1_XPR003.1,366,303,231,287,29,19,1310,332,174
BRDN0000737553,CTCGTATAGTATTGCGTGGT,SGR000121551.1_XPR003.1,444,469,158,412,133,34,1192,754,256
BRDN0000738348,CTCGTATCTTTTCCCACGGC,SGR000122346.1_XPR003.1,262,327,25,114,35,0,1282,555,127
BRDN0000738059,CTCGTCGGCTTTCGTGCTGC,SGR000122057.1_XPR003.1,956,1002,263,298,293,4,3215,1436,288
BRDN0000737542,CTCGTGAAACAAGATCCGAC,SGR000121540.1_XPR003.1,312,214,58,195,133,0,1299,490,159
BRDN0000738363,CTCGTGAACCTGTTCGCGCA,SGR000122361.1_XPR003.1,536,468,152,328,116,39,2299,938,226
BRDN0000737974,CTCGTGTCACTCCTCGGTTC,SGR000121972.1_XPR003.1,921,791,237,628,217,0,3075,1133,348
BRDN0000738291,CTCTAATAAACCGCACAAGC,SGR000122289.1_XPR003.1,383,215,90,278,150,88,1796,804,39
BRDN0000738081,CTCTCTGCGAGTCGATGATT,SGR000122079.1_XPR003.1,1046,967,228,629,174,74,3967,879,399
BRDN0000737706,CTGATCGGTGCATATCTCGG,SGR000121704.1_XPR003.1,915,653,210,472,140,0,2732,1713,384
BRDN0000737579,CTGCACGGCACGACATCCAA,SGR000121577.1_XPR003.1,848,584,287,667,201,0,2821,1060,454
BRDN0000738136,CTGCGTGTAACGTGTTGGGA,SGR000122134.1_XPR003.1,711,1201,109,385,135,0,2245,1035,320
BRDN0000737923,CTGCTTGAACGCCTAGACGG,SGR000121921.1_XPR003.1,565,289,167,457,199,58,1814,725,185
BRDN0000738337,CTGGGGCCGCTGAACCGCCG,SGR000122335.1_XPR003.1,438,788,145,221,158,0,2286,627,242
BRDN0000738112,CTGTCTTCAACGTCTGGCCG,SGR000122110.1_XPR003.1,684,572,96,421,150,21,2968,1592,112
BRDN0000737690,CTTAAGTTCGCGACGGAATG,SGR000121688.1_XPR003.1,707,740,62,324,87,0,2695,717,217
BRDN0000737539,CTTATCCATAATAGGCGGCG,SGR000121537.1_XPR003.1,310,608,149,186,227,2,1158,839,112
BRDN0000737776,CTTATCGATTTGGGTTCAAC,SGR000121774.1_XPR003.1,415,562,231,275,232,3,1771,742,256
BRDN0000738375,CTTCACGCCTTGGACCGATA,SGR000122373.1_XPR003.1,662,572,37,474,253,47,3004,1713,272
BRDN0000737999,CTTGAAAAAGGGGCGACTAT,SGR000121997.1_XPR003.1,235,317,71,232,59,0,1254,491,0
BRDN0000738159,CTTGACACCTCGTCCGCATC,SGR000122157.1_XPR003.1,771,870,177,798,97,0,2661,914,460
BRDN0000737554,CTTTAGTCACGATATACGTC,SGR000121552.1_XPR003.1,319,724,135,439,81,0,1321,455,52
BRDN0000737437,CTTTATACCGCGCGTCGGCA,SGR000121435.1_XPR003.1,697,801,210,594,181,0,2962,1746,461
BRDN0000737713,CTTTATTCCGTTGCATGTCG,SGR000121711.1_XPR003.1,718,1024,116,716,205,2,2951,1056,455
BRDN0000738040,CTTTGGCGTCGAGAAGCGCA,SGR000122038.1_XPR003.1,613,401,122,311,136,0,2250,941,170
BRDN0000737885,GAACCACGAGCGAGCGTATA,SGR000121883.1_XPR003.1,607,225,104,428,115,30,1161,747,121
BRDN0000738117,GAACCAGTATCTAACCCGAC,SGR000122115.1_XPR003.1,309,461,42,144,16,0,821,201,19
BRDN0000737886,GAACCCGGGAAACACGTCCG,SGR000121884.1_XPR003.1,449,482,69,343,146,83,2397,496,246
BRDN0000737668,GAACCGGCGTGCGTTAGCGG,SGR000121666.1_XPR003.1,610,335,49,339,262,0,2050,1223,217
BRDN0000738212,GAACCTTCGCGCAACTTAAC,SGR000122210.1_XPR003.1,351,674,87,166,153,0,1550,626,37
BRDN0000737660,GAACGTAACGGCATGCATCA,SGR000121658.1_XPR003.1,405,562,240,307,58,0,1453,915,89
BRDN0000738378,GAACTCGTTAGGCCGTGAAG,SGR000122376.1_XPR003.1,396,271,38,430,143,72,1784,771,233
BRDN0000737863,GAATTGAGCCGCAACTCGGC,SGR000121861.1_XPR003.1,487,502,78,508,105,0,1267,392,88
BRDN0000738200,GACAATCGACACGCCGCTTC,SGR000122198.1_XPR003.1,784,580,188,515,140,13,2776,700,230
BRDN0000738018,GACAGCCGGTTGACCGGGTC,SGR000122016.1_XPR003.1,523,498,108,411,99,0,1937,1154,114
BRDN0000737811,GACAGTTGACGCGACGGAGA,SGR000121809.1_XPR003.1,484,458,65,169,70,0,1510,384,209
BRDN0000738285,GACAGTTGGATAACCGTGTC,SGR000122283.1_XPR003.1,482,413,110,357,183,0,1356,625,285
BRDN0000737403,GACCAACCTTACGGTAACTC,SGR000121401.1_XPR003.1,664,904,119,417,232,0,2699,1250,297
BRDN0000738034,GACCACTATGTACTTATCGC,SGR000122032.1_XPR003.1,299,459,103,245,150,51,1964,600,358
BRDN0000737533,GACCATACGCCTCGTATGCC,SGR000121531.1_XPR003.1,530,928,151,289,220,0,2626,812,237
BRDN0000737991,GACCGACGGTATACCCTACT,SGR000121989.1_XPR003.1,524,566,248,444,111,0,2068,274,382
BRDN0000738187,GACCGGCCAACGGTAGCGGC,SGR000122185.1_XPR003.1,391,258,71,152,198,0,1577,669,161
BRDN0000737439,GACCGGTGTGTTTACGCGTG,SGR000121437.1_XPR003.1,450,410,92,108,62,28,1684,1164,161
BRDN0000738251,GACCGTCGGGATCCTTAATT,SGR000122249.1_XPR003.1,837,667,216,266,107,0,3790,1019,501
BRDN0000737419,GACCTCGCAATTGAGCGCTC,SGR000121417.1_XPR003.1,723,700,302,740,181,1,2858,1194,213
BRDN0000737957,GACGAAAGGTCCTACGAAGT,SGR000121955.1_XPR003.1,386,319,183,520,228,4,1562,621,148
BRDN0000738240,GACGGTCCCCCCTATGAAAT,SGR000122238.1_XPR003.1,583,339,191,195,155,64,1385,893,236
BRDN0000738109,GACGTATTGGATTCGCAACC,SGR000122107.1_XPR003.1,528,584,119,295,111,0,1905,1290,296
BRDN0000737414,GACGTCTAATTTCTGGCCGT,SGR000121412.1_XPR003.1,369,517,116,388,73,2,1782,779,61
BRDN0000738144,GACTAGCACGAACTGCGGTT,SGR000122142.1_XPR003.1,745,896,116,278,265,0,2657,1187,172
BRDN0000737384,GACTCCGGGTACTAAATGTC,SGR000121382.1_XPR003.1,437,218,95,225,149,1,1511,1391,40
BRDN0000738121,GACTTCGACGAGAAAACGTT,SGR000122119.1_XPR003.1,501,459,147,215,21,0,1351,1009,124
BRDN0000738003,GAGACCCATTATGATCCTAG,SGR000122001.1_XPR003.1,629,748,203,406,222,0,2224,1365,417
BRDN0000737582,GAGATTAAATTAACGCCGGC,SGR000121580.1_XPR003.1,213,160,73,155,120,14,506,202,3
BRDN0000738325,GAGATTCGATACTGCGGTCA,SGR000122323.1_XPR003.1,811,635,306,610,381,2,2607,1424,131
BRDN0000737707,GAGCCCCAACGCGCGAAGCA,SGR000121705.1_XPR003.1,532,658,107,435,98,1,2209,1495,348
BRDN0000738063,GAGCGCCAAGCGTGCGTTGA,SGR000122061.1_XPR003.1,671,766,166,233,160,0,2474,1088,86
BRDN0000738067,GAGCGCGGGCCAGCGAACGT,SGR000122065.1_XPR003.1,582,727,93,282,65,0,2326,1293,161
BRDN0000738087,GAGCGTCCCGTGATTTAAAG,SGR000122085.1_XPR003.1,481,550,156,230,99,0,1775,1273,92
BRDN0000738179,GAGCTAATCTGTAGACGTCG,SGR000122177.1_XPR003.1,476,461,120,218,74,0,1969,443,197
BRDN0000738368,GAGGACCTAGGTTCCCGGAT,SGR000122366.1_XPR003.1,459,287,41,226,275,1,1682,559,280
BRDN0000738360,GAGGCGGGCTCTTCTATCGT,SGR000122358.1_XPR003.1,889,609,129,668,162,0,2743,1032,212
BRDN0000737445,GAGGCGTACTTCGGCTCTAA,SGR000121443.1_XPR003.1,838,530,250,459,138,1,2310,1353,372
BRDN0000737627,GAGTCGAGTTAATAACGCTC,SGR000121625.1_XPR003.1,547,491,36,461,224,0,1591,645,192
BRDN0000737599,GATAAGACTCCGCGAGCTTC,SGR000121597.1_XPR003.1,383,389,99,461,74,0,1822,803,257
BRDN0000737939,GATACGTGAGGTTGCCGGTG,SGR000121937.1_XPR003.1,375,163,6,331,21,0,1140,351,92
BRDN0000738317,GATAGAACAACAGCGGTGCA,SGR000122315.1_XPR003.1,583,465,208,336,120,35,1598,622,362
BRDN0000737484,GATATTTACCGGCGATAAGA,SGR000121482.1_XPR003.1,458,771,179,480,191,0,2274,868,204
BRDN0000738139,GATCACTCCCGAAAGTAGTG,SGR000122137.1_XPR003.1,452,898,185,211,134,0,1432,802,31
BRDN0000737867,GATCCCCTACGCTTCAACCT,SGR000121865.1_XPR003.1,738,742,121,307,295,0,2420,990,310
BRDN0000737755,GATCGAGTGACACCCACCCG,SGR000121753.1_XPR003.1,502,265,52,149,38,0,1935,638,141
BRDN0000737421,GATCTTACCACTCGTCGTAG,SGR000121419.1_XPR003.1,627,1045,251,379,227,0,3025,1203,209
BRDN0000738197,GATGCGGACCCACGTTAAGC,SGR000122195.1_XPR003.1,605,467,114,283,366,144,2443,589,147
BRDN0000737563,GATGCGGGTGGAAAACGTTA,SGR000121561.1_XPR003.1,282,519,100,231,125,0,1003,397,170
BRDN0000737687,GATGGCCAGTAACGGCGTCA,SGR000121685.1_XPR003.1,421,839,103,227,124,0,1864,616,190
BRDN0000737681,GATTACGGGGTTCCGTAACT,SGR000121679.1_XPR003.1,491,603,241,310,158,65,1870,1027,180
BRDN0000737529,GATTCATTATCGGCATACGG,SGR000121527.1_XPR003.1,765,705,121,340,188,38,2012,2012,265
BRDN0000738316,GATTCCGTATAGTAATCGAG,SGR000122314.1_XPR003.1,544,293,83,226,150,0,1525,544,366
BRDN0000737648,GATTGAGAAGCCGCGGTATC,SGR000121646.1_XPR003.1,541,510,71,165,97,18,1776,943,177
BRDN0000738194,GATTGGACGGTCGCAGGATA,SGR000122192.1_XPR003.1,477,678,144,337,90,9,1911,1180,246
BRDN0000738250,GATTTCTCGTATCGGATAAC,SGR000122248.1_XPR003.1,402,447,349,313,197,65,1883,817,61
BRDN0000737564,GCAAAAAGCGGACACGCGAC,SGR000121562.1_XPR003.1,282,175,12,101,128,5,1306,238,100
BRDN0000737497,GCAAATAGGTCGGAGCGTGT,SGR000121495.1_XPR003.1,471,387,155,215,69,0,1697,544,147
BRDN0000738140,GCAACCCACGGACGGCACCG,SGR000122138.1_XPR003.1,324,402,11,160,24,0,1320,583,191
BRDN0000737908,GCAACGGACAGTCATCGAAC,SGR000121906.1_XPR003.1,327,292,64,84,31,0,1322,192,167
BRDN0000738275,GCAATAGTCGCACGGGTGAT,SGR000122273.1_XPR003.1,392,493,259,221,193,0,1992,553,340
BRDN0000737458,GCAATTCTGCAACGCACGTC,SGR000121456.1_XPR003.1,464,487,270,484,103,0,1772,1024,124
BRDN0000737678,GCACCTCTAGCGCGCTCGGC,SGR000121676.1_XPR003.1,518,292,90,193,99,1,1722,327,223
BRDN0000737989,GCACGAACCCGTTCGTATGG,SGR000121987.1_XPR003.1,436,451,134,273,173,22,1399,560,170
BRDN0000737489,GCAGAGCGTAATCGGCATCG,SGR000121487.1_XPR003.1,659,853,114,573,223,47,2397,541,111
BRDN0000738180,GCAGGGTTATTCCGCTTCTA,SGR000122178.1_XPR003.1,430,321,87,144,126,2,1513,743,110
BRDN0000738171,GCAGGTAGGCTCGATACTTG,SGR000122169.1_XPR003.1,531,851,97,455,339,10,1745,1163,268
BRDN0000737858,GCATAACGGCCGAGCACCAC,SGR000121856.1_XPR003.1,132,83,4,156,139,0,473,138,0
BRDN0000738280,GCATGCGCTCGCGTGGACTG,SGR000122278.1_XPR003.1,671,437,71,291,172,52,2796,983,93
BRDN0000738202,GCATTAAGACGCCCACATAT,SGR000122200.1_XPR003.1,579,605,99,361,263,0,1692,418,31
BRDN0000738137,GCATTCCCGCTTACGTAATT,SGR000122135.1_XPR003.1,577,690,245,285,119,0,1914,516,237
BRDN0000737792,GCATTCTTGAGCTCCGCGCC,SGR000121790.1_XPR003.1,813,839,144,419,75,0,2565,1178,212
BRDN0000738162,GCATTGGTGCTCGCGCGTTC,SGR000122160.1_XPR003.1,544,740,133,259,151,0,2979,586,193
BRDN0000738142,GCCACGACCTGCGAATAATT,SGR000122140.1_XPR003.1,503,567,126,367,156,21,1843,326,281
BRDN0000737625,GCCACTCCGCTCGTTCTAGA,SGR000121623.1_XPR003.1,520,653,42,339,56,0,1554,1107,183
BRDN0000738308,GCCAGCCTCGGTATAACTCG,SGR000122306.1_XPR003.1,300,629,125,342,22,0,1291,497,323
BRDN0000737509,GCCATAGCCAATCGCTAGTT,SGR000121507.1_XPR003.1,729,531,121,437,280,54,2254,942,433
BRDN0000738134,GCCCATGACGCGTGTTAGTA,SGR000122132.1_XPR003.1,865,944,228,369,106,0,1987,835,442
BRDN0000737921,GCCCGACCTCCACGTAAATC,SGR000121919.1_XPR003.1,505,859,126,210,57,9,2970,851,410
BRDN0000738215,GCCCGAGCGGATTCACCGCG,SGR000122213.1_XPR003.1,671,436,272,467,325,0,3365,513,438
BRDN0000737661,GCCCGATAGAATTACCCATT,SGR000121659.1_XPR003.1,433,798,204,477,56,0,1734,861,222
BRDN0000738066,GCCCGTTGTGAGCGGCATGC,SGR000122064.1_XPR003.1,362,395,62,162,27,23,2043,775,251
BRDN0000737662,GCCCTCGAGCTCACGATGAG,SGR000121660.1_XPR003.1,578,690,107,386,141,32,2821,1324,347
BRDN0000737931,GCCGAATCGCGTTATTCCAA,SGR000121929.1_XPR003.1,623,589,210,403,139,0,2540,640,102
BRDN0000737925,GCCGACCAACGATGACCACG,SGR000121923.1_XPR003.1,557,604,100,308,113,0,1747,846,196
BRDN0000737893,GCCGAGAGGCGTAAGCGCGA,SGR000121891.1_XPR003.1,406,299,101,234,102,0,1462,301,43
BRDN0000738281,GCCGCAACGTTAGATGTATA,SGR000122279.1_XPR003.1,418,287,52,538,121,0,1645,399,227
BRDN0000737490,GCCGCGCCATAATATGCCAT,SGR000121488.1_XPR003.1,333,352,106,225,32,0,1169,540,58
BRDN0000737615,GCCGCTCTTGATAACGACGC,SGR000121613.1_XPR003.1,406,455,187,199,164,4,2127,718,239
BRDN0000737670,GCCGTAAGCGGGCCGGTTGA,SGR000121668.1_XPR003.1,264,237,32,175,80,0,987,525,124
BRDN0000738257,GCCGTTGGAAAACTCCGGCC,SGR000122255.1_XPR003.1,276,451,51,151,100,0,1194,606,197
BRDN0000737682,GCCTATGTGAATCGCGAATT,SGR000121680.1_XPR003.1,379,473,94,167,123,0,941,687,19
BRDN0000737836,GCCTTCCTCGCAGACCCGAC,SGR000121834.1_XPR003.1,444,359,70,344,119,2,1851,913,141
BRDN0000737997,GCCTTTTCCGCCCGTTCAAG,SGR000121995.1_XPR003.1,759,938,181,473,108,0,2244,1817,203
BRDN0000738365,GCGACAAGCGTTGAGTTCGC,SGR000122363.1_XPR003.1,812,614,288,674,106,158,2659,609,298
BRDN0000737485,GCGACGTGTATCGATCACTC,SGR000121483.1_XPR003.1,429,528,12,284,62,0,1221,396,121
BRDN0000737935,GCGAGCGCTATCCCGGTGGA,SGR000121933.1_XPR003.1,635,488,167,465,162,54,2042,1120,218
BRDN0000737380,GCGAGGTATTCGGCTCCGCG,SGR000121378.1_XPR003.1,0,0,0,0,0,0,92,233,0
BRDN0000738031,GCGAGTTATTTCGCTATAGG,SGR000122029.1_XPR003.1,585,616,129,339,140,0,1608,751,351
BRDN0000737981,GCGATCGCCGGTATAGCTTT,SGR000121979.1_XPR003.1,530,472,15,701,261,0,2071,659,388
BRDN0000738293,GCGATTATCAGTAGTCCACG,SGR000122291.1_XPR003.1,607,403,260,218,78,4,1325,1430,210
BRDN0000738332,GCGCCTAGGGTTCCGACTCA,SGR000122330.1_XPR003.1,494,587,182,619,125,0,1999,1510,242
BRDN0000737425,GCGCGAGGGCACCGACAAGT,SGR000121423.1_XPR003.1,586,534,232,302,157,0,2529,1180,100
BRDN0000737843,GCGCGAGTGCCAAACGAGTG,SGR000121841.1_XPR003.1,520,600,112,340,72,0,1899,890,213
BRDN0000738204,GCGCGCGTGGATCACCCGCA,SGR000122202.1_XPR003.1,834,776,67,430,116,1,2705,838,103
BRDN0000737538,GCGCGTACATATAAATAGGT,SGR000121536.1_XPR003.1,237,625,190,278,74,0,1378,436,4
BRDN0000738323,GCGCTACTCCCACCGATGTT,SGR000122321.1_XPR003.1,546,465,139,216,114,30,1494,1044,166
BRDN0000737965,GCGCTCGAACAAACATGGTC,SGR000121963.1_XPR003.1,366,667,111,304,106,0,1699,774,172
BRDN0000738328,GCGCTCGTTCGAGACGATCT,SGR000122326.1_XPR003.1,0,19,0,0,0,0,0,0,0
BRDN0000737453,GCGGATCTGACGGTTACTTA,SGR000121451.1_XPR003.1,715,782,143,272,153,4,1736,590,227
BRDN0000737555,GCGGCCCGTGACCGTTCAAT,SGR000121553.1_XPR003.1,654,649,227,316,271,17,2680,1205,304
BRDN0000738017,GCGGGACCCCCGGTATAGTC,SGR000122015.1_XPR003.1,472,275,135,200,35,0,1650,550,49
BRDN0000737399,GCGGTTACCGCGAAAACCAT,SGR000121397.1_XPR003.1,318,265,69,302,164,0,1106,387,290
BRDN0000737735,GCGTACCTATCGATAAACCA,SGR000121733.1_XPR003.1,486,636,191,286,41,38,1917,378,247
BRDN0000737424,GCGTATCTACCCTACCGCCG,SGR000121422.1_XPR003.1,365,441,54,265,133,0,1067,503,165
BRDN0000737742,GCGTGACGCGATCAAACGGT,SGR000121740.1_XPR003.1,440,481,67,130,167,83,1563,338,351
BRDN0000738278,GCGTGACGTCCCACCCTGAG,SGR000122276.1_XPR003.1,942,913,277,396,290,1,3582,1064,470
BRDN0000738359,GCGTGAGATTCGTTGCTCGA,SGR000122357.1_XPR003.1,400,308,123,241,15,2,1210,653,203
BRDN0000737572,GCGTGCCATGGGAGGCCGTT,SGR000121570.1_XPR003.1,589,513,34,605,135,1,1959,1027,203
BRDN0000737949,GCGTGGAGTTCGTCGCTCTT,SGR000121947.1_XPR003.1,505,567,157,86,20,0,1929,769,178
BRDN0000738355,GCGTGGTACTCACATCGCGA,SGR000122353.1_XPR003.1,233,284,75,251,45,14,1403,183,135
BRDN0000738267,GCTAAAAACAACCGGCGCGG,SGR000122265.1_XPR003.1,338,286,82,231,26,0,1574,724,105
BRDN0000737710,GCTAAACGTATTTTACGGGC,SGR000121708.1_XPR003.1,387,379,125,224,172,0,1212,1047,174
BRDN0000737708,GCTAAGATTCATCCGAACAC,SGR000121706.1_XPR003.1,491,305,105,311,63,3,2036,756,54
BRDN0000738114,GCTAATCGGTACTACTCCGG,SGR000122112.1_XPR003.1,553,350,207,287,55,0,1971,754,416
BRDN0000737456,GCTACAGATTTGCGTTCGAG,SGR000121454.1_XPR003.1,507,614,43,167,9,0,1165,1032,124
BRDN0000737909,GCTAGCGTTCAGCCCGATGT,SGR000121907.1_XPR003.1,483,605,162,406,161,0,1945,462,377
BRDN0000737676,GCTAGTTCTCCCGGGCGAAA,SGR000121674.1_XPR003.1,655,624,99,176,140,0,1610,889,201
BRDN0000737967,GCTATTCCGCTCGTCAATTT,SGR000121965.1_XPR003.1,456,274,159,393,251,0,1465,306,248
BRDN0000737930,GCTCATACTGATGAACGTCC,SGR000121928.1_XPR003.1,573,603,122,416,92,25,2100,1009,112
BRDN0000738304,GCTCCAGGTGCGAGATAGGC,SGR000122302.1_XPR003.1,390,480,141,167,106,0,1891,824,159
BRDN0000738226,GCTCGAAAGTACGCTTCCTT,SGR000122224.1_XPR003.1,330,723,60,317,123,1,1565,375,80
BRDN0000737944,GCTCGCTGATGTGTAATCCG,SGR000121942.1_XPR003.1,798,951,170,543,493,3,1965,643,325
BRDN0000737409,GCTCGGACCTTTTAGACGTC,SGR000121407.1_XPR003.1,430,389,15,132,244,0,1553,98,101
BRDN0000737575,GCTGATTAGACCCGGCGTAA,SGR000121573.1_XPR003.1,253,297,78,386,77,56,1185,390,38
BRDN0000737854,GCTTACCTACTCCGCCCCGC,SGR000121852.1_XPR003.1,543,701,77,434,127,36,1834,909,549
BRDN0000737815,GCTTATCGTCATGCGGGTGA,SGR000121813.1_XPR003.1,960,875,205,534,296,27,3360,1404,162
BRDN0000737785,GCTTATCGTTCCGCTACGAT,SGR000121783.1_XPR003.1,583,674,186,478,206,0,2353,776,174
BRDN0000737746,GCTTCATTATTAACCGGCGT,SGR000121744.1_XPR003.1,233,423,75,129,10,0,1061,868,214
BRDN0000738119,GCTTCGACCACGGGTACTGC,SGR000122117.1_XPR003.1,661,515,221,666,149,19,3387,1971,431
BRDN0000738073,GCTTCGGAGGCTACGTAGTA,SGR000122071.1_XPR003.1,851,1172,204,453,289,65,2993,1919,418
BRDN0000737389,GCTTCTACTCGCAACGTATT,SGR000121387.1_XPR003.1,633,1200,185,548,191,0,1821,995,238
BRDN0000738116,GCTTGAGGCAACGCGACTGA,SGR000122114.1_XPR003.1,521,977,184,385,192,1,2745,1224,461
BRDN0000737581,GCTTGTAATCTAAAGACGCG,SGR000121579.1_XPR003.1,273,384,50,174,51,0,1345,372,93
BRDN0000737381,GCTTTCACGGAGGTTCGACG,SGR000121379.1_XPR003.1,521,627,132,273,38,0,1573,766,226
BRDN0000737887,GGAAACGTTACATTCGACGC,SGR000121885.1_XPR003.1,155,259,136,205,113,0,742,225,37
BRDN0000738019,GGAAACTCTTGCTCGACACG,SGR000122017.1_XPR003.1,587,667,149,473,43,28,2476,380,318
BRDN0000737897,GGACACTCGCCGACCCCACT,SGR000121895.1_XPR003.1,666,1022,202,611,148,0,3277,859,254
BRDN0000737526,GGACCAATGTTACCGTAGGT,SGR000121524.1_XPR003.1,460,217,33,294,156,1,1410,612,109
BRDN0000737479,GGACGGATGGGACGACTAGT,SGR000121477.1_XPR003.1,650,761,89,277,122,0,1824,1131,155
BRDN0000737524,GGACGTAGATTAGGGCGTAA,SGR000121522.1_XPR003.1,322,553,102,244,166,0,1093,583,112
BRDN0000737457,GGACTGAAACCGATAGTATC,SGR000121455.1_XPR003.1,650,968,177,443,187,81,2783,1138,229
BRDN0000737622,GGAGTCTCACGCAATTAGCG,SGR000121620.1_XPR003.1,712,706,274,364,118,16,2013,469,309
BRDN0000738176,GGAGTTCAAGCGTAACTTCG,SGR000122174.1_XPR003.1,366,271,87,130,81,1,1594,576,127
BRDN0000737945,GGATACATCGGCGCGCTAGT,SGR000121943.1_XPR003.1,604,463,41,305,125,0,2111,721,137
BRDN0000737498,GGATAGCCCGGTTGGTGCGT,SGR000121496.1_XPR003.1,279,323,66,147,14,0,1563,214,59
BRDN0000737764,GGATATTCGCGCGGTCTTCA,SGR000121762.1_XPR003.1,485,425,39,167,16,1,1888,762,22
BRDN0000737578,GGATCGATCCGAGGAACGTG,SGR000121576.1_XPR003.1,549,373,111,121,128,0,1263,728,139
BRDN0000738206,GGATTCGTGCGGGAGATACG,SGR000122204.1_XPR003.1,633,768,144,428,97,0,2268,1068,376
BRDN0000737620,GGATTGACGAGACGATATCG,SGR000121618.1_XPR003.1,0,0,0,10,0,0,58,0,0
BRDN0000737966,GGCAACGCACGCTGGGTTGT,SGR000121964.1_XPR003.1,696,980,126,710,242,0,2615,730,197
BRDN0000737954,GGCACCGCGTTTATTGCACT,SGR000121952.1_XPR003.1,492,529,275,324,44,0,1874,800,92
BRDN0000737790,GGCACCGTTCGGAAACCGAC,SGR000121788.1_XPR003.1,409,617,125,446,97,45,1549,624,113
BRDN0000738276,GGCAGCCTAATCAGTCGAGG,SGR000122274.1_XPR003.1,273,416,44,295,5,17,1291,1056,298
BRDN0000738374,GGCCAGTGTGGCCGTTACGC,SGR000122372.1_XPR003.1,428,543,139,267,230,0,1595,801,97
BRDN0000737606,GGCCCAACGAAACTAGCGTG,SGR000121604.1_XPR003.1,551,1009,219,126,92,0,2094,1022,268
BRDN0000738356,GGCCCGAAGGGTCACAAGCG,SGR000122354.1_XPR003.1,254,415,58,85,15,0,803,803,219
BRDN0000737817,GGCGCTACTGTAATGACGGT,SGR000121815.1_XPR003.1,396,487,68,177,87,46,1780,309,160
BRDN0000738270,GGCGGGTTAGGCCCCGTTTT,SGR000122268.1_XPR003.1,581,555,243,579,135,1,2477,846,111
BRDN0000738371,GGCGTCGTAACAAGAACTTG,SGR000122369.1_XPR003.1,299,270,1,187,17,0,662,265,165
BRDN0000737560,GGCTTATAGACGAGACTCGA,SGR000121558.1_XPR003.1,567,715,86,171,186,14,2043,501,266
BRDN0000737573,GGCTTTACGTAAGGAGCGTA,SGR000121571.1_XPR003.1,432,502,127,276,47,48,1494,1121,202
BRDN0000737584,GGGACGCTCATCGAGTGACG,SGR000121582.1_XPR003.1,602,759,125,320,185,0,2683,741,167
BRDN0000738238,GGGCAACGTCATCTGGCGAC,SGR000122236.1_XPR003.1,391,482,87,271,167,0,2518,692,170
BRDN0000737924,GGGCCGGCACTCTGTCGGAC,SGR000121922.1_XPR003.1,169,103,52,53,15,0,667,300,100
BRDN0000738022,GGGCGCGTCATAGACACACG,SGR000122020.1_XPR003.1,400,312,192,571,171,0,2022,799,236
BRDN0000737704,GGGCGGGACGTAATATTATG,SGR000121702.1_XPR003.1,391,386,159,371,107,0,1834,179,157
BRDN0000738295,GGGCTAGTGCGTTGTTACGA,SGR000122293.1_XPR003.1,432,418,65,251,95,7,1359,1455,184
BRDN0000737407,GGGGATGGCCTTACGTCGCG,SGR000121405.1_XPR003.1,442,496,107,203,52,0,1218,702,31
BRDN0000737730,GGGGGGTCTAATACCGATTG,SGR000121728.1_XPR003.1,326,314,44,183,139,0,1388,235,188
BRDN0000737430,GGGGTAGGCCTAATTACGGA,SGR000121428.1_XPR003.1,677,764,124,1230,165,0,2376,1311,265
BRDN0000738237,GGGGTTGGATACGCGATTTA,SGR000122235.1_XPR003.1,461,452,92,343,141,2,1190,946,155
BRDN0000738330,GGGTAGCACCCCGCCGACAC,SGR000122328.1_XPR003.1,340,435,61,230,120,0,1329,319,26
BRDN0000738306,GGGTCGCACCCCAATAGCTG,SGR000122304.1_XPR003.1,652,767,173,282,109,0,2397,529,308
BRDN0000737436,GGGTGCACACGCCGGCCTAT,SGR000121434.1_XPR003.1,706,687,179,231,210,3,2380,1044,416
BRDN0000738088,GGTAAAAAGCGTAACGAGTA,SGR000122086.1_XPR003.1,250,282,71,126,120,0,582,658,130
BRDN0000738290,GGTAACATAGGCGGCGATCT,SGR000122288.1_XPR003.1,552,793,145,191,130,45,1812,671,124
BRDN0000737580,GGTCAAAGCGATGTTAGCCG,SGR000121578.1_XPR003.1,416,448,93,126,82,0,1505,806,5
BRDN0000737956,GGTCGCTCGATTTCATTTAA,SGR000121954.1_XPR003.1,480,533,101,212,98,0,1686,848,234
BRDN0000738343,GGTCTAGATAATCTTACCGA,SGR000122341.1_XPR003.1,208,356,111,85,240,24,976,207,92
BRDN0000738172,GGTCTCGTAATGTCCTATAT,SGR000122170.1_XPR003.1,455,558,83,134,109,0,1164,786,69
BRDN0000737551,GGTCTGTCCGTTGCGACCAC,SGR000121549.1_XPR003.1,463,639,177,355,145,0,1753,703,254
BRDN0000737500,GGTGCAGTCCGTTTAGTCGG,SGR000121498.1_XPR003.1,529,752,62,186,194,49,1615,845,195
BRDN0000737937,GGTGTGGACCGCTTTTACGC,SGR000121935.1_XPR003.1,502,503,155,571,364,14,1761,808,141
BRDN0000737692,GGTTAAAAATTAAGCGGTCC,SGR000121690.1_XPR003.1,133,135,110,187,53,0,683,279,107
BRDN0000737590,GTACATGCGGCAAGTCGACT,SGR000121588.1_XPR003.1,1110,992,204,295,172,0,2886,1232,577
BRDN0000737958,GTACCACTTATCGACCTTGC,SGR000121956.1_XPR003.1,723,798,154,527,180,28,2191,1215,236
BRDN0000737762,GTACCATGATAACCGTACTA,SGR000121760.1_XPR003.1,284,471,253,282,30,48,1731,822,133
BRDN0000738013,GTACGCAGGGTGTAGCGACC,SGR000122011.1_XPR003.1,484,654,171,261,109,0,1721,327,31
BRDN0000738085,GTACTGACGTTACGTTCATA,SGR000122083.1_XPR003.1,586,587,215,218,60,1,1835,1237,220
BRDN0000737522,GTAGACATATTGCGTAATCG,SGR000121520.1_XPR003.1,259,325,107,142,55,1,755,306,108
BRDN0000738145,GTAGCTGACCGCTTAACTAA,SGR000122143.1_XPR003.1,347,751,70,171,10,0,1424,881,197
BRDN0000738373,GTAGCTTCATGTCCGGTCGG,SGR000122371.1_XPR003.1,613,465,117,276,68,25,1922,763,266
BRDN0000738060,GTAGGCCGCTGATCGAATAA,SGR000122058.1_XPR003.1,368,599,135,450,80,1,1683,796,123
BRDN0000737889,GTAGTGCGTGTGATGTCGGG,SGR000121887.1_XPR003.1,863,642,232,495,154,23,3543,1243,463
BRDN0000737408,GTATCCTCCTTACGGCCCGT,SGR000121406.1_XPR003.1,838,1184,290,448,169,0,2154,792,198
BRDN0000737512,GTATCCTCGCAATCGTTAGG,SGR000121510.1_XPR003.1,760,719,208,505,201,10,2937,1407,303
BRDN0000737393,GTCAAGCCGAACGCTGCCGG,SGR000121391.1_XPR003.1,481,449,59,97,62,0,1554,438,171
BRDN0000738274,GTCACAAAAAACGAGCGTTA,SGR000122272.1_XPR003.1,82,99,57,41,4,0,334,77,37
BRDN0000737876,GTCCTAGATCCTATCGGGAG,SGR000121874.1_XPR003.1,483,1329,289,722,205,47,2645,1468,532
BRDN0000738127,GTCGATTAGATGATGCCCGG,SGR000122125.1_XPR003.1,411,525,85,159,52,1,1735,1063,221
BRDN0000738279,GTCGCGTATCCTGACGACAC,SGR000122277.1_XPR003.1,427,432,125,160,83,0,1620,946,103
BRDN0000738021,GTCGCTCGAACTCACGTAGC,SGR000122019.1_XPR003.1,471,424,173,477,223,0,1332,1210,195
BRDN0000737883,GTCGGCCGCTTAACCCTTTC,SGR000121881.1_XPR003.1,432,860,128,333,122,49,1952,1088,83
BRDN0000737810,GTCGGCTCATCGGAAAATAT,SGR000121808.1_XPR003.1,418,365,88,190,64,0,1356,446,40
BRDN0000738311,GTCGTGGGGCACGATGCGTA,SGR000122309.1_XPR003.1,177,444,147,245,39,29,1460,654,43
BRDN0000738178,GTCGTTAACGACCCGGATTC,SGR000122176.1_XPR003.1,429,439,56,324,140,0,1259,514,170
BRDN0000737917,GTCTAACATCGGCGCACGTG,SGR000121915.1_XPR003.1,496,625,110,191,150,0,1660,887,303
BRDN0000737649,GTGATGGCCACGTCCGAACC,SGR000121647.1_XPR003.1,726,785,113,632,194,1,2179,794,286
BRDN0000737480,GTGCAACGACTGACCCGCGG,SGR000121478.1_XPR003.1,427,368,101,393,162,0,1586,657,94
BRDN0000738129,GTGCCAGCGTCGATTGACGC,SGR000122127.1_XPR003.1,577,548,147,489,163,0,2294,731,196
BRDN0000737728,GTGCCTGATAGTGTGAAGCG,SGR000121726.1_XPR003.1,485,600,150,133,173,0,1794,407,83
BRDN0000738372,GTGCGAATTAACCGTTAGGA,SGR000122370.1_XPR003.1,716,882,40,593,200,0,1981,952,184
BRDN0000738354,GTGCGCGCGTATAGAAAAAA,SGR000122352.1_XPR003.1,150,271,48,199,49,0,617,461,22
BRDN0000737665,GTGGGCTGACCGTTCTCGAC,SGR000121663.1_XPR003.1,479,275,193,377,124,0,2005,641,314
BRDN0000737410,GTGGTTACGTTAACGACTAC,SGR000121408.1_XPR003.1,569,330,224,380,147,4,1624,340,186
BRDN0000737936,GTGTATGACGAGAAGCGAAG,SGR000121934.1_XPR003.1,438,149,288,264,42,0,1262,250,34
BRDN0000738038,GTGTCTTTCGGTCTTACGAG,SGR000122036.1_XPR003.1,518,547,340,542,172,55,2182,689,367
BRDN0000737494,GTGTGCCTCGACAGCGTAAG,SGR000121492.1_XPR003.1,721,962,99,261,251,0,2977,990,146
BRDN0000738132,GTGTGGTATATCCCCGTTTT,SGR000122130.1_XPR003.1,625,865,224,264,191,0,1706,767,63
BRDN0000738141,GTGTTGTCCGAGAACCCGAC,SGR000122139.1_XPR003.1,382,576,130,170,153,63,1715,731,125
BRDN0000738370,GTTAAGTAGATCGGTGACAT,SGR000122368.1_XPR003.1,810,383,118,265,263,0,1410,555,315
BRDN0000737933,GTTAATATTGTGGCCCGCAC,SGR000121931.1_XPR003.1,438,341,141,224,89,0,1481,787,24
BRDN0000737576,GTTACCCCTTTGGCCGGAAG,SGR000121574.1_XPR003.1,535,709,157,136,190,72,2211,801,243
BRDN0000737709,GTTACCGTGACGATAAGAAT,SGR000121707.1_XPR003.1,705,821,187,387,47,5,2426,692,287
BRDN0000738007,GTTACTTACCTGACCGGCAA,SGR000122005.1_XPR003.1,394,400,138,190,123,42,1566,801,255
BRDN0000737938,GTTATACCACCTACTATGAC,SGR000121936.1_XPR003.1,578,600,135,253,127,0,1926,525,226
BRDN0000737540,GTTATTGCGCCTTGGCCGTA,SGR000121538.1_XPR003.1,1068,964,289,717,419,0,3409,1090,296
BRDN0000737588,GTTATTTGTCTGTCGAAACG,SGR000121586.1_XPR003.1,526,518,134,373,64,0,1602,838,415
BRDN0000737702,GTTCCGGATATATACGGTTA,SGR000121700.1_XPR003.1,629,660,148,282,105,35,2226,640,141
BRDN0000737953,GTTCGCGGGGGCTTCTATCA,SGR000121951.1_XPR003.1,815,677,239,603,116,17,3780,1256,361
BRDN0000737677,GTTCGGTTGCAGCTTACACG,SGR000121675.1_XPR003.1,659,465,45,447,103,0,2306,777,191
BRDN0000737794,GTTCTTCAAAGACGGGCGGC,SGR000121792.1_XPR003.1,779,937,274,427,168,0,2132,1495,296
BRDN0000737782,GTTGCGGCGACCTAGATATC,SGR000121780.1_XPR003.1,735,798,133,396,102,1,2242,1122,167
BRDN0000737642,GTTGCGTCCATTCCGTCGCC,SGR000121640.1_XPR003.1,523,398,61,325,182,0,1601,1290,266
BRDN0000737712,GTTGCGTGTGTCCGTACAAA,SGR000121710.1_XPR003.1,501,651,60,597,188,76,2889,1030,264
BRDN0000737586,GTTTCAGCGCGAGTTGCGCG,SGR000121584.1_XPR003.1,609,677,209,576,203,25,2632,553,292
BRDN0000737803,GTTTCAGGAACGACGGCGAG,SGR000121801.1_XPR003.1,523,510,127,264,46,0,1290,336,229
BRDN0000737515,GTTTCCCGGGACTGTCGCGT,SGR000121513.1_XPR003.1,441,432,165,236,13,65,1920,949,193
BRDN0000737435,GTTTGCGAGTCAAAGTACGC,SGR000121433.1_XPR003.1,406,235,82,102,146,0,1184,215,246
BRDN0000738369,TAAAAACGCTGGCGGCCTAG,SGR000122367.1_XPR003.1,704,486,120,234,285,0,2135,877,311
BRDN0000737427,TAAAACCGATCACGATACGA,SGR000121425.1_XPR003.1,224,48,120,152,55,0,703,505,56
BRDN0000737541,TAAAAGTGGTGCGTCGTCGT,SGR000121539.1_XPR003.1,537,577,173,386,140,1,2473,662,418
BRDN0000737543,TAAACGATTCACCGATAACA,SGR000121541.1_XPR003.1,338,357,178,202,189,0,1276,722,123
BRDN0000737855,TAACACGCACTCACGTCCGG,SGR000121853.1_XPR003.1,462,629,60,318,73,1,1298,337,117
BRDN0000737508,TAACAGCTTCCGCGTAATAT,SGR000121506.1_XPR003.1,474,535,148,362,94,0,1569,1055,203
BRDN0000737813,TAACCCTTGATCAACCGATA,SGR000121811.1_XPR003.1,452,600,175,389,110,12,1884,606,218
BRDN0000737577,TAACGTTATGTCAAACGCTC,SGR000121575.1_XPR003.1,609,558,101,53,224,29,1727,1298,138
BRDN0000738076,TAACTCTAATGCGTTCCAAG,SGR000122074.1_XPR003.1,508,678,89,247,134,0,1583,982,187
BRDN0000737895,TAAGACTGGGTGTCCCGCGT,SGR000121893.1_XPR003.1,523,928,103,228,101,1,2452,1137,367
BRDN0000737518,TAAGCGGCGTCATGTCGCCC,SGR000121516.1_XPR003.1,798,677,116,219,222,0,2304,577,217
BRDN0000738233,TAAGTGACACTTCGTATCGT,SGR000122231.1_XPR003.1,560,630,143,167,81,1,1592,621,188
BRDN0000737674,TAATAAACTATGTCCCGCCG,SGR000121672.1_XPR003.1,328,570,202,211,85,0,1457,720,0
BRDN0000737630,TAATGAGTAACGCTCATCGG,SGR000121628.1_XPR003.1,372,320,183,288,228,0,1792,252,237
BRDN0000737819,TAATGCGAATGCGACCTCTC,SGR000121817.1_XPR003.1,651,679,142,278,23,5,2725,1013,213
BRDN0000737486,TAATGGAAGATGCGCGATAC,SGR000121484.1_XPR003.1,314,410,1,107,42,0,794,536,97
BRDN0000738024,TAATGGCACTTACCGGGTCT,SGR000122022.1_XPR003.1,634,506,327,424,56,4,3309,1955,269
BRDN0000737894,TAATTCGCAACTCGGATCAT,SGR000121892.1_XPR003.1,429,554,123,310,52,0,1383,553,393
BRDN0000738255,TAATTCTTTAGTACGTGCAA,SGR000122253.1_XPR003.1,591,599,97,269,81,20,2215,1189,155
BRDN0000737780,TACACGCCCTAAGCTAGTAA,SGR000121778.1_XPR003.1,656,282,254,534,252,0,1948,935,404
BRDN0000737390,TACAGTTATACGTCGCGGTG,SGR000121388.1_XPR003.1,471,506,54,187,112,0,1660,806,64
BRDN0000738346,TACATCGAACAACCAACCGA,SGR000122344.1_XPR003.1,496,665,69,304,119,0,1500,1202,173
BRDN0000738123,TACATGCGGTTGACACGTTC,SGR000122121.1_XPR003.1,624,764,211,314,115,1,3451,791,192
BRDN0000737618,TACCCCTCTGCGATGCCGGT,SGR000121616.1_XPR003.1,901,803,245,754,190,1,2990,1309,288
BRDN0000737462,TACCCCTTGAGGGGCGCATA,SGR000121460.1_XPR003.1,660,600,190,654,326,1,2837,1713,325
BRDN0000737778,TACGACATCGCATGGTAACG,SGR000121776.1_XPR003.1,545,363,187,149,194,1,1196,674,132
BRDN0000738131,TACGACGAGGACGCATCGAG,SGR000122129.1_XPR003.1,717,580,213,211,177,4,2728,1220,276
BRDN0000738097,TACGCTCACTTCTGCGAAGG,SGR000122095.1_XPR003.1,464,816,171,264,194,1,1949,1064,316
BRDN0000738334,TACGGACGTCGAATTGAGCA,SGR000122332.1_XPR003.1,539,546,103,498,43,0,1842,1344,175
BRDN0000737898,TACGTCTGCGCAAATAGAAT,SGR000121896.1_XPR003.1,525,501,96,584,101,23,1513,811,94
BRDN0000737696,TACTGCGTACCGCAGTAAGC,SGR000121694.1_XPR003.1,418,223,109,382,107,0,2156,557,42
BRDN0000737602,TACTTACCGACCGACAAACG,SGR000121600.1_XPR003.1,269,253,139,153,184,0,1137,196,167
BRDN0000737691,TACTTAGGTCCGCGTAAAGC,SGR000121689.1_XPR003.1,428,611,172,209,120,32,1636,1003,115
BRDN0000737783,TAGACGTCCACCGACTCTGA,SGR000121781.1_XPR003.1,730,653,82,385,139,0,1808,775,339
BRDN0000738091,TAGAGCAGATCCCCTCAACG,SGR000122089.1_XPR003.1,524,511,288,607,66,0,2164,1011,296
BRDN0000737468,TAGATGGTGCTTCTGTCGCG,SGR000121466.1_XPR003.1,640,747,83,296,191,18,2425,1213,261
BRDN0000737447,TAGCCCGTCGAGTACTCCCC,SGR000121445.1_XPR003.1,479,393,132,351,105,1,1760,665,137
BRDN0000737841,TAGCCGAGTTCACGCCAGTA,SGR000121839.1_XPR003.1,383,600,60,214,217,0,1587,688,145
BRDN0000737652,TAGCTGTTTACGCCGACCTG,SGR000121650.1_XPR003.1,854,778,322,478,131,1,2785,929,416
BRDN0000737638,TAGGCCGCTCAGGCCGCACT,SGR000121636.1_XPR003.1,844,620,107,428,302,0,2337,975,371
BRDN0000737598,TAGGCGGACGGTTACATATA,SGR000121596.1_XPR003.1,353,827,52,282,70,0,1770,658,316
BRDN0000737920,TAGGGGTGCGCATTAGACTA,SGR000121918.1_XPR003.1,813,860,194,417,222,0,3115,1028,216
BRDN0000737973,TAGGTGGCGCCCAATCGGAC,SGR000121971.1_XPR003.1,508,870,200,439,111,0,2547,1130,72
BRDN0000738268,TAGTAAAAAATTCGCCCTCC,SGR000122266.1_XPR003.1,251,352,45,65,98,0,969,346,0
BRDN0000738125,TAGTAGGCCGGAGCGCATCC,SGR000122123.1_XPR003.1,504,791,235,140,171,28,2107,780,315
BRDN0000737796,TAGTAGGTTGATCGCGTCGC,SGR000121794.1_XPR003.1,349,473,142,354,50,0,1246,447,90
BRDN0000737726,TAGTCAGTCGGCCTCCGTGC,SGR000121724.1_XPR003.1,529,491,243,365,107,0,1781,864,350
BRDN0000737415,TAGTCCTAGTTAGATTCGCG,SGR000121413.1_XPR003.1,450,227,101,273,83,23,1282,166,166
BRDN0000738157,TAGTGCGAACAGTCACGGCG,SGR000122155.1_XPR003.1,728,632,220,321,258,0,2478,1325,166
BRDN0000738195,TAGTGTTGTGAGCGTCGTAC,SGR000122193.1_XPR003.1,131,367,45,169,31,0,1121,601,272
BRDN0000737664,TAGTTAACCGTAAAGTGGGC,SGR000121662.1_XPR003.1,290,366,192,240,71,49,1035,422,130
BRDN0000738093,TAGTTATCTGCAACGCATAG,SGR000122091.1_XPR003.1,415,278,91,172,22,0,1539,792,119
BRDN0000737747,TATACTCGCCTGTCACAGCG,SGR000121745.1_XPR003.1,496,484,25,346,113,0,2132,438,406
BRDN0000737904,TATCCCGATCCGGAAACTAG,SGR000121902.1_XPR003.1,495,573,215,353,173,0,2328,1070,110
BRDN0000737465,TATCGAACTGCACACGCAAC,SGR000121463.1_XPR003.1,714,313,127,347,157,1,1955,659,197
BRDN0000737520,TATCTAATCGCGGAGTCGTA,SGR000121518.1_XPR003.1,378,273,26,268,41,8,1366,721,309
BRDN0000737739,TATCTCTGGATGCCGTCGGT,SGR000121737.1_XPR003.1,522,588,167,398,149,0,1632,1254,317
BRDN0000737922,TATGAAACATCTCGGCGACG,SGR000121920.1_XPR003.1,516,204,114,159,154,0,1612,709,112
BRDN0000738077,TATGAACCTCCGGATCGGTG,SGR000122075.1_XPR003.1,303,352,12,228,9,0,1083,399,346
BRDN0000737910,TATGAACTAGGCGTAAACGG,SGR000121908.1_XPR003.1,373,179,135,132,113,0,1577,508,222
BRDN0000738028,TATGACACACAATCTGCGAC,SGR000122026.1_XPR003.1,383,518,77,182,68,0,1730,848,197
BRDN0000737667,TATGACTGCACGACTCGCTA,SGR000121665.1_XPR003.1,755,1190,210,217,172,29,2915,664,276
BRDN0000737979,TATGATCGTATGGCCCTTCC,SGR000121977.1_XPR003.1,290,739,54,124,107,39,1262,401,216
BRDN0000737940,TATGCCATATGCCCGTTTTT,SGR000121938.1_XPR003.1,749,723,245,710,203,0,2443,979,299
BRDN0000737438,TCAAACGCCCGGGCGCCCCA,SGR000121436.1_XPR003.1,606,605,281,446,298,1,2434,751,268
BRDN0000737654,TCAACTATGAACCGCCGTGC,SGR000121652.1_XPR003.1,410,280,236,264,83,0,1682,1172,128
BRDN0000737718,TCAACTTAACCTCGAGTCCG,SGR000121716.1_XPR003.1,374,633,163,278,50,0,1033,567,357
BRDN0000737474,TCAATAGTTCTGCGCGAATT,SGR000121472.1_XPR003.1,549,908,216,401,152,12,2050,1354,288
BRDN0000738277,TCAATCTGCGGTGACTCGTT,SGR000122275.1_XPR003.1,625,780,76,642,198,42,2271,971,74
BRDN0000737987,TCAATTAGTGGCCGCCAAGC,SGR000121985.1_XPR003.1,726,766,111,335,304,25,2954,1024,275
BRDN0000738273,TCACAACCCCCGACTATCGC,SGR000122271.1_XPR003.1,432,616,131,410,191,2,1994,655,172
BRDN0000737568,TCACACGGGATCTCGCCGGT,SGR000121566.1_XPR003.1,631,688,104,626,178,1,2112,839,297
BRDN0000738331,TCACATGACACTCGTTACGA,SGR000122329.1_XPR003.1,556,610,162,378,81,76,2027,1049,401
BRDN0000738070,TCACCCGCGTATACGACCTG,SGR000122068.1_XPR003.1,562,412,110,300,151,0,2022,1034,153
BRDN0000737784,TCACGCACGACTAAGGGAAT,SGR000121782.1_XPR003.1,466,376,100,536,272,14,2310,1021,166
BRDN0000738037,TCACTCAAAGTGCGTAGTCG,SGR000122035.1_XPR003.1,457,290,175,337,92,33,1987,796,153
BRDN0000737673,TCACTTCGGGCATTACGAGC,SGR000121671.1_XPR003.1,597,306,224,420,145,29,2000,869,437
BRDN0000737851,TCACTTTAAGCACCCCGCGC,SGR000121849.1_XPR003.1,535,480,197,323,122,0,2569,893,309
BRDN0000738283,TCAGCAGAATTGGGCCCGTA,SGR000122281.1_XPR003.1,822,864,334,204,30,58,2570,1508,198
BRDN0000737988,TCAGCTACGATCGGACCCAA,SGR000121986.1_XPR003.1,402,612,45,349,50,0,1978,409,293
BRDN0000738244,TCAGTCAGTCGGCCCCCTGC,SGR000122242.1_XPR003.1,514,521,192,324,134,2,1890,595,174
BRDN0000737840,TCATATTAGACAATCTCCGC,SGR000121838.1_XPR003.1,593,765,119,240,106,0,2021,1440,190
BRDN0000737941,TCATCTACGGTATCGAAAGG,SGR000121939.1_XPR003.1,409,780,96,601,169,0,1986,797,247
BRDN0000737495,TCATGCGCCTCGTAATACCT,SGR000121493.1_XPR003.1,762,704,207,575,149,73,3144,1018,312
BRDN0000737846,TCATGTTGCGTCGTCCGTTA,SGR000121844.1_XPR003.1,696,822,215,120,126,0,1794,1081,347
BRDN0000737503,TCCCCCGTACGTGTATGTCG,SGR000121501.1_XPR003.1,527,535,157,520,225,0,1747,777,298
BRDN0000737984,TCCCCTTCGTCGGCGCCAGG,SGR000121982.1_XPR003.1,396,319,87,433,169,3,1521,1159,154
BRDN0000737406,TCCCGGGAGGTACGGTGTAC,SGR000121404.1_XPR003.1,368,287,193,420,99,0,1462,339,243
BRDN0000738104,TCCGAACAGGCGCGTTTCTC,SGR000122102.1_XPR003.1,522,614,341,488,12,0,2199,1112,234
BRDN0000737756,TCCGCGGCAACGTTTGGGTC,SGR000121754.1_XPR003.1,254,123,68,93,137,1,688,307,68
BRDN0000737546,TCCGTACATCGACCTATTAC,SGR000121544.1_XPR003.1,321,491,78,142,66,0,1478,337,205
BRDN0000737636,TCCGTAGGACGTATATATTC,SGR000121634.1_XPR003.1,425,365,85,182,27,0,1031,576,87
BRDN0000738248,TCCTACACCACCCCGGCCGT,SGR000122246.1_XPR003.1,864,629,61,540,105,6,2382,1225,275
BRDN0000738214,TCCTAGGCCTGATTTACCCG,SGR000122212.1_XPR003.1,304,399,180,250,119,97,1362,890,312
BRDN0000737455,TCCTATAATTGAGCGAACGG,SGR000121453.1_XPR003.1,257,251,53,161,73,28,760,482,28
BRDN0000738051,TCCTCCGATCGACCAGGGTA,SGR000122049.1_XPR003.1,806,1074,145,478,99,0,2327,1449,100
BRDN0000737428,TCCTGCGCGATGACCGTCGG,SGR000121426.1_XPR003.1,677,635,127,572,62,51,1885,1131,316
BRDN0000737587,TCCTGCGTTCCACTCGTACT,SGR000121585.1_XPR003.1,504,974,267,611,239,0,1916,812,341
BRDN0000738312,TCGAGTCTTGACTCAACGCT,SGR000122310.1_XPR003.1,496,343,243,579,372,0,1984,829,107
BRDN0000738191,TCGATCGTCGGCGGAGCGGA,SGR000122189.1_XPR003.1,499,258,86,275,107,6,1793,727,344
BRDN0000737499,TCGCAAAATGCGGATTCCGT,SGR000121497.1_XPR003.1,392,401,51,221,151,0,1381,338,128
BRDN0000738150,TCGCACTCTAGGCCGTTATT,SGR000122148.1_XPR003.1,567,350,92,314,292,55,1913,1332,353
BRDN0000738126,TCGCGAATTGCTGCCGAACT,SGR000122124.1_XPR003.1,661,724,173,403,198,0,2251,1057,204
BRDN0000737535,TCGCTAAGCCGGGTAATACT,SGR000121533.1_XPR003.1,658,1011,251,319,285,0,2001,666,181
BRDN0000738326,TCGCTCATTAGGAGCGCTAT,SGR000122324.1_XPR003.1,467,254,25,279,136,0,2001,844,455
BRDN0000737807,TCGCTCCGCTAGTAGTGGGT,SGR000121805.1_XPR003.1,330,987,145,224,120,0,1514,855,244
BRDN0000738298,TCGCTGAGCAACGAAGCAAC,SGR000122296.1_XPR003.1,569,663,279,227,59,0,2115,1115,170
BRDN0000738339,TCGCTTCTGATTGATCCACG,SGR000122337.1_XPR003.1,614,677,170,351,129,41,2233,504,149
BRDN0000737680,TCGGAATTCCGCAGGCCGAG,SGR000121678.1_XPR003.1,421,557,90,176,53,0,1545,981,74
BRDN0000738305,TCGGACTATAGCGTGAACGT,SGR000122303.1_XPR003.1,383,216,53,250,2,1,900,263,27
BRDN0000738068,TCGGATCGGTACATAAAGTT,SGR000122066.1_XPR003.1,185,167,56,204,69,30,441,1148,157
BRDN0000738190,TCGGATTTTAATCCTTACGC,SGR000122188.1_XPR003.1,288,293,68,114,175,0,1094,306,120
BRDN0000737808,TCGGCGCAGCCTAATGTATA,SGR000121806.1_XPR003.1,554,427,117,404,118,0,2132,900,227
BRDN0000737916,TCGTAAAGTCGCAGCGACGT,SGR000121914.1_XPR003.1,595,841,178,245,80,0,2074,615,163
BRDN0000737604,TCGTAAGTTCGCTATATGCC,SGR000121602.1_XPR003.1,370,427,22,83,158,0,2000,799,231
BRDN0000737658,TCGTACCGCACGTGTAAGCC,SGR000121656.1_XPR003.1,395,279,94,67,85,0,1448,731,114
BRDN0000737600,TCGTGCCGGAATAACCACTA,SGR000121598.1_XPR003.1,810,1519,168,366,69,31,2532,1260,195
BRDN0000737567,TCGTGCCTAGCTCGGTTGAG,SGR000121565.1_XPR003.1,652,659,124,411,215,1,2423,838,238
BRDN0000737413,TCGTGTCTAGCTATCGAGTG,SGR000121411.1_XPR003.1,584,578,123,334,61,0,1963,901,230
BRDN0000737475,TCGTTACATACCCCGCGGAA,SGR000121473.1_XPR003.1,544,697,60,290,247,0,1634,795,185
BRDN0000738345,TCGTTGTGTCGACATCCGCA,SGR000122343.1_XPR003.1,644,370,137,695,139,4,2521,1118,391
BRDN0000737732,TCTACACGCGCGTTCAACCG,SGR000121730.1_XPR003.1,416,459,40,551,14,0,1296,410,108
BRDN0000737550,TCTAGGATACTCTTAACGGG,SGR000121548.1_XPR003.1,425,447,312,393,330,0,1729,407,0
BRDN0000737656,TCTATATCTAGTCTCGGCGC,SGR000121654.1_XPR003.1,381,413,26,259,55,5,1266,317,237
BRDN0000737405,TCTCAGTTCGTAGCGAACGA,SGR000121403.1_XPR003.1,0,0,0,0,37,0,3,0,0
BRDN0000737865,TCTCCGGGCCGTGTTAGACC,SGR000121863.1_XPR003.1,0,0,0,0,0,0,0,0,0
BRDN0000738192,TCTCCGTCCGAAACGGCGAC,SGR000122190.1_XPR003.1,0,0,0,0,0,0,5,0,0
BRDN0000737791,TCTCGAATAAATTTTCTCGC,SGR000121789.1_XPR003.1,0,0,0,0,0,0,0,0,0
BRDN0000738168,TCTCTTCGCGCCCGCTTTGC,SGR000122166.1_XPR003.1,47,0,0,0,0,0,18,171,0
BRDN0000737559,TCTGCACCGCGACTTAGCTT,SGR000121557.1_XPR003.1,707,687,199,314,26,36,2371,843,141
BRDN0000738246,TCTGGACGCGAGATGACGGG,SGR000122244.1_XPR003.1,419,557,136,485,208,0,1593,831,84
BRDN0000738175,TCTTCTAGTGCGAGTTCCGC,SGR000122173.1_XPR003.1,448,671,86,223,110,17,2595,1754,56
BRDN0000738054,TCTTCTCGAGCGTGCGGGCC,SGR000122052.1_XPR003.1,578,686,36,188,95,0,2730,419,181
BRDN0000737716,TCTTGACTCCGACTTCGGGC,SGR000121714.1_XPR003.1,706,416,258,158,159,0,2063,389,96
BRDN0000737955,TGACAACCGCGGTACCTCTA,SGR000121953.1_XPR003.1,666,490,229,161,154,0,2227,1232,341
BRDN0000738050,TGACCCGTCTCTTCGCGCAC,SGR000122048.1_XPR003.1,92,0,0,9,0,0,89,0,0
BRDN0000737860,TGACCCTCTTAATCTCCGGT,SGR000121858.1_XPR003.1,465,732,100,400,105,0,2581,697,199
BRDN0000737903,TGACGCGCCTCGGACCAACC,SGR000121901.1_XPR003.1,523,873,171,233,175,0,3092,1319,282
BRDN0000737824,TGACGCTAAGGCCCGCTAAC,SGR000121822.1_XPR003.1,538,724,140,229,51,17,1762,651,85
BRDN0000737760,TGACTTGACACGTTCGATAT,SGR000121758.1_XPR003.1,537,729,168,623,118,37,1832,661,362
BRDN0000737770,TGAGACCAATGCCGCGGAAT,SGR000121768.1_XPR003.1,289,572,88,191,72,0,1348,794,56
BRDN0000737960,TGAGAGCAAGGCGCATACGC,SGR000121958.1_XPR003.1,356,343,88,241,10,0,2082,649,284
BRDN0000738074,TGAGCCGGTGCGCTCTCGGT,SGR000122072.1_XPR003.1,172,104,13,69,120,0,568,275,21
BRDN0000738149,TGAGCCTTTGTGGACCGCGG,SGR000122147.1_XPR003.1,546,770,57,283,135,0,2180,677,214
BRDN0000737835,TGAGCGCTTTCCCGATCCGG,SGR000121833.1_XPR003.1,459,311,110,175,65,0,1442,244,135
BRDN0000738364,TGAGGGCTCAATACTTCCGC,SGR000122362.1_XPR003.1,434,964,129,236,56,2,2114,793,155
BRDN0000738183,TGAGGTTACCGCCGGCTTTT,SGR000122181.1_XPR003.1,555,654,114,467,102,0,1605,457,271
BRDN0000737724,TGATAAACGATGCGAACTCG,SGR000121722.1_XPR003.1,279,279,90,86,52,0,1267,464,1
BRDN0000737884,TGATCAACGTCGGTGGACGG,SGR000121882.1_XPR003.1,857,787,280,589,148,0,2505,1005,362
BRDN0000738320,TGATCCCCGTCCCGAAGTTA,SGR000122318.1_XPR003.1,597,1037,201,659,197,0,1848,1311,88
BRDN0000737816,TGATGCCGGTACCCGTAACT,SGR000121814.1_XPR003.1,596,575,151,448,173,0,1916,736,216
BRDN0000737461,TGATGGACGCGATACGTTTA,SGR000121459.1_XPR003.1,380,758,177,396,176,55,1504,1204,265
BRDN0000737725,TGATTGGGGGTCGTTCGCCA,SGR000121723.1_XPR003.1,990,1098,287,615,127,1,2773,1329,231
BRDN0000737411,TGCAACGATGGTTACGGTAC,SGR000121409.1_XPR003.1,457,375,115,196,369,1,1630,1294,43
BRDN0000737444,TGCACCGGTACGGGCGACTC,SGR000121442.1_XPR003.1,368,254,169,51,32,0,696,253,19
BRDN0000737549,TGCAGATCGCGAAGCGACTA,SGR000121547.1_XPR003.1,362,832,230,173,128,0,1681,498,305
BRDN0000738352,TGCAGTAGTCGCGGATAGGC,SGR000122350.1_XPR003.1,415,615,63,193,70,15,1945,629,164
BRDN0000738336,TGCCCTGCGTCCGCTACGTC,SGR000122334.1_XPR003.1,544,695,35,540,169,90,2667,1229,70
BRDN0000737595,TGCCGACGCGACGCAGCGTA,SGR000121593.1_XPR003.1,623,450,108,611,294,0,1816,462,93
BRDN0000738186,TGCCTACTGTCGTTCCCGCG,SGR000122184.1_XPR003.1,692,951,270,613,238,0,2604,695,351
BRDN0000738284,TGCCTTCAGTCGACCGTTAC,SGR000122282.1_XPR003.1,561,661,76,350,167,0,1984,942,250
BRDN0000737775,TGCGCGTCCTGTTATGACCG,SGR000121773.1_XPR003.1,565,493,95,355,153,0,2126,634,101
BRDN0000737596,TGCGGCAATGTTAACCCTTA,SGR000121594.1_XPR003.1,371,552,140,75,85,1,1136,736,143
BRDN0000737700,TGCGTAAAACTTGCGCTCGA,SGR000121698.1_XPR003.1,322,226,104,249,162,0,787,379,142
BRDN0000738100,TGCGTCTCAGCTTCGGCTAT,SGR000122098.1_XPR003.1,0,19,0,0,0,0,29,0,0
BRDN0000738057,TGCTGGCCGATACGTGCTTG,SGR000122055.1_XPR003.1,740,980,313,716,102,0,2618,1243,415
BRDN0000737864,TGCTTAGGGCCCTTCGGCGG,SGR000121862.1_XPR003.1,929,609,158,339,388,0,3104,1237,456
BRDN0000738321,TGCTTTACCGCGTTGGGTAA,SGR000122319.1_XPR003.1,663,554,153,319,164,59,2210,889,128
BRDN0000737800,TGGATCCGCTTCGCACGGCG,SGR000121798.1_XPR003.1,575,312,63,286,113,7,1692,1552,225
BRDN0000737675,TGGCACGGAGTTGCATACGC,SGR000121673.1_XPR003.1,435,812,180,222,107,0,1933,830,163
BRDN0000737429,TGGCCCACAAGGTGCGATAT,SGR000121427.1_XPR003.1,502,888,97,240,287,29,1745,481,146
BRDN0000737513,TGGCGCTCCTGCGCACACGA,SGR000121511.1_XPR003.1,552,387,74,226,78,0,1963,696,436
BRDN0000738005,TGGCTTAATGGACAGCGCGA,SGR000122003.1_XPR003.1,489,321,134,153,245,0,1439,499,158
BRDN0000737839,TGGGCCATAGTGGCGCGTGA,SGR000121837.1_XPR003.1,486,564,53,227,9,0,1875,568,145
BRDN0000738098,TGGGCGGTTCAAAGCGAATT,SGR000122096.1_XPR003.1,413,603,89,420,69,0,1958,749,71
BRDN0000737833,TGGGTCCTAAACGCGGTTCA,SGR000121831.1_XPR003.1,680,615,110,182,66,0,1984,1234,303
BRDN0000737501,TGGGTTCCGGCCCCATGTAC,SGR000121499.1_XPR003.1,539,370,128,205,59,0,1358,652,355
BRDN0000738010,TGGTACCACTCGCCGAATCT,SGR000122008.1_XPR003.1,884,725,159,464,86,9,2436,1610,289
BRDN0000737970,TGGTTCACCACTCGAGATCG,SGR000121968.1_XPR003.1,488,882,115,498,216,0,2762,1246,111
BRDN0000737838,TGGTTCGACCAACATGGTTC,SGR000121836.1_XPR003.1,967,864,214,530,272,0,2722,1415,236
BRDN0000738294,TGGTTGGCATGTCGCCAGCG,SGR000122292.1_XPR003.1,593,743,114,365,84,0,2226,885,269
BRDN0000737721,TGTAACGATCTGGGCGGTCT,SGR000121719.1_XPR003.1,727,974,403,267,168,0,2288,1497,338
BRDN0000737592,TGTACTCGCATAGCGGGGGC,SGR000121590.1_XPR003.1,374,201,88,227,96,0,1428,257,41
BRDN0000737597,TGTATAGTCATCGCCGTAAT,SGR000121595.1_XPR003.1,497,508,121,343,138,0,1218,887,107
BRDN0000737420,TGTATCCACCGTGACCCGGT,SGR000121418.1_XPR003.1,351,268,256,96,58,0,1533,759,57
BRDN0000738227,TGTCCCGACGATGTGTAAAT,SGR000122225.1_XPR003.1,833,536,210,581,261,67,2628,863,298
BRDN0000737487,TGTCCTACCGAATGAACCGT,SGR000121485.1_XPR003.1,517,630,96,291,118,0,1528,481,378
BRDN0000737788,TGTCGCCGATGGTCAGTCGC,SGR000121786.1_XPR003.1,566,741,79,639,154,25,1777,873,251
BRDN0000737466,TGTCGGACCCATTGTCGAAC,SGR000121464.1_XPR003.1,673,355,151,510,133,0,2809,1239,260
BRDN0000738266,TGTCTATGTTTGGCCACGCA,SGR000122264.1_XPR003.1,530,641,239,392,168,2,2181,884,92
BRDN0000738069,TGTCTGCCGCATACGCTATA,SGR000122067.1_XPR003.1,1250,1610,545,571,484,33,4301,1492,518
BRDN0000737496,TGTGCCACGCCGCTGCAACG,SGR000121494.1_XPR003.1,528,615,86,502,85,0,2227,951,217
BRDN0000738071,TGTGCCTACGCCATTCGGCT,SGR000122069.1_XPR003.1,950,892,210,471,238,26,3567,959,234
BRDN0000737482,TGTGTAATTACGTTTCGCGG,SGR000121480.1_XPR003.1,370,510,186,241,212,0,1289,731,191
BRDN0000738261,TGTTAATGCCAACGGGACAT,SGR000122259.1_XPR003.1,434,621,107,323,63,0,1859,463,458
BRDN0000737805,TGTTCGCCCTCTCACGATTG,SGR000121803.1_XPR003.1,752,636,183,551,113,0,2055,1256,350
BRDN0000737822,TGTTTATGCGGAACTTCCGC,SGR000121820.1_XPR003.1,775,621,127,252,215,28,2394,1916,292
BRDN0000738177,TTAACGTCTGTGCGCACTAC,SGR000122175.1_XPR003.1,744,963,97,658,124,0,2887,1048,315
BRDN0000737820,TTAACTGGGGGGACCGGACG,SGR000121818.1_XPR003.1,522,785,175,329,203,0,1597,916,224
BRDN0000737686,TTACAGTTCATACCGTCGCC,SGR000121684.1_XPR003.1,598,1090,265,321,78,0,1830,1042,232
BRDN0000738259,TTACCGTGGTACGTCAGGTT,SGR000122257.1_XPR003.1,821,851,151,505,265,24,2698,1391,281
BRDN0000737896,TTACGCAAAGCTGCGATGAG,SGR000121894.1_XPR003.1,753,922,295,204,198,0,3025,999,491
BRDN0000737647,TTACTGATCAGTCGGACGCA,SGR000121645.1_XPR003.1,522,363,111,406,207,26,2568,794,210
BRDN0000738147,TTACTTGGTGCAACAACCGG,SGR000122145.1_XPR003.1,534,796,189,535,124,0,2080,864,224
BRDN0000737996,TTAGCCTTGCCCCGTCATAC,SGR000121994.1_XPR003.1,470,454,252,289,321,0,1618,1478,54
BRDN0000737663,TTAGGACGTGCTTCCGAGGG,SGR000121661.1_XPR003.1,558,161,235,239,134,6,1614,1201,274
BRDN0000738026,TTAGTTCGACCACTCCTGAT,SGR000122024.1_XPR003.1,982,1104,220,680,273,14,3671,1390,273
BRDN0000737443,TTATACCGTCACGAGTGCCC,SGR000121441.1_XPR003.1,602,560,132,358,64,0,1570,496,180
BRDN0000737506,TTATCGCACAACCCCGAAAG,SGR000121504.1_XPR003.1,358,425,144,206,170,0,1450,844,315
BRDN0000738198,TTATCGTACTAGTACGTACA,SGR000122196.1_XPR003.1,360,144,88,361,82,0,1670,761,45
BRDN0000737902,TTATGACCTCGATGCGACAT,SGR000121900.1_XPR003.1,582,457,96,601,138,0,1689,1226,196
BRDN0000737432,TTATGTGCCTCTCGGCGCAT,SGR000121430.1_XPR003.1,949,1572,155,803,62,59,3950,1005,427
BRDN0000738173,TTATTGGTTTCAACGGTTGT,SGR000122171.1_XPR003.1,436,506,195,169,123,30,1495,547,260
BRDN0000737868,TTATTTACGCGCTGAACTTG,SGR000121866.1_XPR003.1,795,531,236,346,167,2,2378,1455,366
BRDN0000737918,TTCAACGACGGAAGACGCGC,SGR000121916.1_XPR003.1,628,516,71,245,203,3,1621,974,175
BRDN0000737959,TTCAAGTGTTATGGACGCGC,SGR000121957.1_XPR003.1,328,254,19,418,58,0,1380,405,135
BRDN0000737452,TTCAATTGTTCGCCCGAACA,SGR000121450.1_XPR003.1,646,577,221,413,402,0,2605,1082,334
BRDN0000737969,TTCATCCTTCGTAGCGCAGC,SGR000121967.1_XPR003.1,213,183,201,208,140,0,1326,643,52
BRDN0000737968,TTCATCGCAGATCGATTTCG,SGR000121966.1_XPR003.1,554,886,156,254,149,0,1685,1563,327
BRDN0000737906,TTCCAGTATACCGAATTCGC,SGR000121904.1_XPR003.1,486,582,265,85,52,0,1078,500,68
BRDN0000737795,TTCCCCGCCCGTGCGGTCAT,SGR000121793.1_XPR003.1,1085,805,105,481,239,1,3976,1020,422
BRDN0000737514,TTCGAAGTCTAACCCGCGGG,SGR000121512.1_XPR003.1,425,371,166,258,31,63,1630,276,183
BRDN0000737451,TTCGACGTGCGGCGTATTGG,SGR000121449.1_XPR003.1,670,856,130,450,131,51,2019,1445,309
BRDN0000737758,TTCGACTGCGCACGCCATGA,SGR000121756.1_XPR003.1,661,313,121,368,128,39,1850,1339,70
BRDN0000737446,TTCGAGACGGATACGTCTGC,SGR000121444.1_XPR003.1,0,15,0,0,46,0,32,245,0
BRDN0000738361,TTCGAGATTTTAATAGCGCA,SGR000122359.1_XPR003.1,333,449,62,279,174,0,1203,1131,83
BRDN0000737669,TTCGATATAGGGGACGGCGG,SGR000121667.1_XPR003.1,416,420,0,171,27,0,1234,241,58
BRDN0000737422,TTCGCCGGCGACGAAGTGCA,SGR000121420.1_XPR003.1,386,375,248,313,267,11,2045,772,311
BRDN0000738213,TTCGCGAGTAAGGTAGGCAT,SGR000122211.1_XPR003.1,849,799,297,777,209,0,2242,1654,331
BRDN0000737477,TTCGGCTCAATGGCGCGAGC,SGR000121475.1_XPR003.1,497,694,131,351,183,25,1914,789,67
BRDN0000738340,TTCGGCTGGTGTGCGTTCAC,SGR000122338.1_XPR003.1,1131,1064,260,551,240,1,3967,1176,395
BRDN0000738108,TTCGTGGCCGAAGGCGCCGC,SGR000122106.1_XPR003.1,374,262,75,101,72,0,1268,563,344
BRDN0000737766,TTCTCCATACCGTAACTCCG,SGR000121764.1_XPR003.1,519,806,152,234,216,22,1479,714,72
BRDN0000737985,TTCTGATTAGATACGTACGA,SGR000121983.1_XPR003.1,439,654,36,288,49,59,1456,658,143
BRDN0000738020,TTGAACACGACACCCGTGCC,SGR000122018.1_XPR003.1,736,487,265,274,66,0,2501,990,171
BRDN0000737992,TTGAAGTAGGGTCGGATTGA,SGR000121990.1_XPR003.1,554,983,76,363,177,0,2696,1417,299
BRDN0000738111,TTGAATCCGAGGCGCCGATG,SGR000122109.1_XPR003.1,855,821,53,483,116,53,3096,1243,150
BRDN0000737971,TTGAGCGGACCCCCCTACAA,SGR000121969.1_XPR003.1,282,175,18,195,115,0,1276,982,153
BRDN0000737511,TTGATAAACCGCGGCCGAAA,SGR000121509.1_XPR003.1,487,497,165,118,65,2,1788,422,289
BRDN0000738347,TTGCACCCCCAGTTCGTTGC,SGR000122345.1_XPR003.1,596,356,286,398,16,0,2255,878,44
BRDN0000738211,TTGCAGCAACGGCGACGGCT,SGR000122209.1_XPR003.1,719,351,136,236,105,0,1683,478,193
BRDN0000737532,TTGCGTGTGCGTTGTTAACG,SGR000121530.1_XPR003.1,485,373,116,297,319,0,1489,1160,115
BRDN0000737650,TTGGACGTACACTTTCGTTC,SGR000121648.1_XPR003.1,398,653,160,128,83,0,1668,589,199
BRDN0000738029,TTGGCGGCTCGCTCCTGCGT,SGR000122027.1_XPR003.1,919,948,225,782,286,0,3582,1384,220
BRDN0000737396,TTGTCAACTTCGGCCAACGC,SGR000121394.1_XPR003.1,530,383,151,513,203,0,1568,1090,91
BRDN0000738314,TTGTCGCTAACTCAGAATAG,SGR000122312.1_XPR003.1,597,705,111,436,39,31,2670,1110,131
BRDN0000738080,TTGTTTCAGCCTTGAGCGCG,SGR000122078.1_XPR003.1,690,771,98,474,97,0,2407,1392,212
BRDN0000738075,TTTACGTATGCTGTGCGCGA,SGR000122073.1_XPR003.1,471,334,71,171,188,0,1411,567,165
BRDN0000737774,TTTAGTCAGACGAGCCGGAT,SGR000121772.1_XPR003.1,384,958,178,288,163,0,1625,1012,37
BRDN0000737740,TTTCAGTTGTCGCGCGACTC,SGR000121738.1_XPR003.1,445,207,200,313,172,0,1917,677,161
BRDN0000737536,TTTCTAATTACCCGATACGT,SGR000121534.1_XPR003.1,462,886,128,116,135,0,1857,620,233
BRDN0000738061,TTTCTAGGGCCGCCGCCCGC,SGR000122059.1_XPR003.1,518,441,31,266,101,0,1811,554,115
BRDN0000737890,TTTGACATTTTCGTCTCGCG,SGR000121888.1_XPR003.1,28,38,0,2,0,0,87,0,141
BRDN0000738044,TTTTAGTAGGTCAACGCTGT,SGR000122042.1_XPR003.1,586,649,165,195,111,35,1456,641,159
BRDN0000737986,TTTTCGTCGACTAAGTCAAG,SGR000121984.1_XPR003.1,435,685,5,125,47,0,1239,375,115
BRDN0000738107,TTTTGGCGACGCATCGCTGG,SGR000122105.1_XPR003.1,566,744,269,513,64,0,3105,1407,294
BRDN0000737731,TTTTTAGACCTAATTCGCGC,SGR000121729.1_XPR003.1,290,477,154,78,83,0,972,451,118
